isin,ticker,ticker_yahoo,name,emitter,index_tracked,asset_class,region,sector_focus,ter,replication,distributing,dividend_yield_2023,dividend_yield_2024,dividend_yield_2025,currency,exchange,domicile,ucits,pea_eligible,established,fund_size_musd,holdings_count,notes,tr_name,provider,fund_currency,currency_risk,wkn,holdings_as_of,top_holdings,countries,sectors
IE0002XZSHO1,WPEA,WPEA.PA,iShares MSCI World Swap PEA UCITS ETF EUR (Acc),BlackRock Asset Management Ireland,MSCI World Swap PEA,Equity,World,All sectors,0.2,Swap,False,0,0,0,EUR,Euronext Paris,Ireland,True,True,2018,6300,1282,USER HOLDING; swap-based PEA World; capitalizing,iShares MSCI World Swap PEA UCITS ETF EUR (Acc),iShares,EUR,Currency unhedged,A3E1JV,,"Apple:5.63|NVIDIA Corp.:5.13|Microsoft Corp:3.13|Amazon.com, Inc.:2.52|Alphabet, Inc. A:2.19|Broadcom Inc.:1.93|Alphabet, Inc. C:1.74|Meta Platforms:1.47|Eli Lilly & Co.:1.1|JPMorgan Chase & Co.:1.08",United States:69.5|Japan:5.52|United Kingdom:3.77|Canada:3.46|Other:17.75,Technology:34.52|Finance:18.69|Industrials:9.78|Healthcare:9.25|Other:27.76
IE00BP3QZJ36,IFRE,IS3U.DE,iShares MSCI France UCITS ETF,BlackRock Asset Management Ireland,MSCI France,Equity,France,All sectors,0.25,Physical,True,3.1,3.2,3.0,EUR,Xetra,Ireland,True,True,2012,1200,56,USER HOLDING (alias IFRE on Euronext; Yahoo IS3U); distributing,iShares MSCI France UCITS ETF,iShares,EUR,Currency unhedged,A12ATD,,Schneider Electric SE:8.22|TotalEnergies SE:7.84|Airbus SE:6.38|LVMH Moët Hennessy Louis Vuitton SE:6.2|Safran SA:6.19|Air Liquide SA:5.76|BNP Paribas SA:5.68|L&#039;Oréal SA:4.98|Sanofi:4.18|AXA SA:3.73,France:89.42|Netherlands:6.99|Luxembourg:1.75|Switzerland:1.52|Other:0.32,Industrials:29.23|Finance:15.54|Consumer Cyclicals:13.41|Non-Energy Materials:8.89|Other:32.93
LU3047998896,BJL8,BJL8.DE,BNP Paribas Easy Bloomberg Europe Defense UCITS ETF Acc,BNP Paribas Easy,Bloomberg Europe Defense Select,Equity,Europe,Defense,0.35,Physical,False,0,0,0,EUR,Euronext Paris,Luxembourg,True,True,2023,1200,34,USER HOLDING; thematic defense; capitalizing,BNP Paribas Easy Bloomberg Europe Defense UCITS ETF Acc,BNP Paribas Easy,EUR,Currency unhedged,A417F7,,Safran SA:13.26|Airbus SE:12.95|Rolls-Royce Holdings:11.02|Rheinmetall AG:10.17|MTU Aero Engines AG:7.31|Thales SA:6.81|SAAB:6.66|Leonardo SpA:6.61|BAE Systems:5.52|Kongsberg Gruppen:4.31,France:24.88|Germany:21.73|United Kingdom:18.29|Netherlands:12.95|Other:22.15,Industrials:95.55|Technology:4.23|Business Services:0.22
IE00BMW42413,ESIT,ESIT.DE,iShares MSCI Europe Information Technology Sector UCITS ETF EUR (Acc),BlackRock Asset Management Ireland,MSCI Europe Information Technology,Equity,Europe,Technology,0.18,Physical,False,0,0,0,EUR,Xetra,Ireland,True,False,2015,1800,18,USER HOLDING; SAP ASML ASM; capitalizing,iShares MSCI Europe Information Technology Sector UCITS ETF EUR (Acc),iShares,EUR,Currency unhedged,A2QBZ3,,ASML Holding NV:30.4|SAP SE:17.23|Infineon Technologies AG:11.57|Nokia Oyj:5.94|ASM International NV:5.5|Nebius Group:4.93|STMicroelectronics NV:4.29|LM Ericsson:3.34|Hexagon AB:2.68|Capgemini SE:2.32,Netherlands:42.92|Germany:29.29|Switzerland:6.2|Sweden:6.02|Other:15.57,Technology:96.9|Industrials:2.3|Other:0.8
IE00B4L5Y983,IWDA,IWDA.AS,iShares Core MSCI World UCITS ETF USD (Acc),BlackRock Asset Management Ireland,MSCI World,Equity,World,All sectors,0.2,Physical,False,0,0,0,USD,Amsterdam (Euronext),Ireland,True,False,2009,85000,1280,Largest Acc World ETF; capitalizing,iShares Core MSCI World UCITS ETF USD (Acc),iShares,USD,Currency unhedged,A0RPWH,,"Apple:5.48|NVIDIA Corp.:5.04|Microsoft Corp:3.56|Amazon.com, Inc.:2.55|Alphabet, Inc. A:2.18|Broadcom Inc.:1.95|Alphabet, Inc. C:1.73|Meta Platforms:1.33|Micron Technology:1.1|JPMorgan Chase & Co.:1.05",United States:69.07|Japan:5.67|United Kingdom:3.76|Canada:3.42|Other:18.08,Technology:34.88|Finance:18.47|Industrials:9.72|Healthcare:9.0|Other:27.93
IE00B4L5Y982,VWRL,VWRL.AS,Vanguard FTSE All-World UCITS ETF USD Acc,Vanguard,FTSE All-World,Equity,World,All sectors,0.22,Physical,True,1.9,1.8,1.8,USD,Amsterdam (Euronext),Ireland,True,False,2012,50000,3700,Dev+EM incl small caps; distributing,,,,,,,"NVIDIA Corp.:4.44|Apple:4.23|Microsoft Corp:3.27|Amazon.com, Inc.:2.5|Alphabet, Inc. A:1.99|Taiwan Semiconductor Manufacturing Co., Ltd.:1.73|Broadcom Inc.:1.72|Alphabet, Inc. C:1.58|Meta Platforms:1.16|JPMorgan Chase & Co.:0.89",United States:58.85|Japan:5.92|United Kingdom:3.33|Taiwan:3.15|Other:28.75,Technology:35.46|Finance:18.82|Industrials:9.27|Consumer Non-Cyclicals:8.54|Other:27.91
IE00BK5BQT80,VWCE,VWCE.DE,Vanguard FTSE All-World UCITS ETF USD Acc,Vanguard,FTSE All-World,Equity,World,All sectors,0.14,Physical,False,0,0,0,USD,Xetra,Ireland,True,False,2019,45000,3758,Acc version of VWRL; capitalizing,Vanguard FTSE All-World UCITS ETF (USD) Accumulating,Vanguard,USD,Currency unhedged,A2PKXG,,"NVIDIA Corp.:4.44|Apple:4.23|Microsoft Corp:3.27|Amazon.com, Inc.:2.5|Alphabet, Inc. A:1.99|Taiwan Semiconductor Manufacturing Co., Ltd.:1.73|Broadcom Inc.:1.72|Alphabet, Inc. C:1.58|Meta Platforms:1.16|JPMorgan Chase & Co.:0.89",United States:58.85|Japan:5.92|United Kingdom:3.33|Taiwan:3.15|Other:28.75,Technology:35.46|Finance:18.82|Industrials:9.27|Consumer Non-Cyclicals:8.54|Other:27.91
IE00B39R2S35,SWDA,SWDA.L,iShares Core MSCI World UCITS ETF USD (Dist),BlackRock Asset Management Ireland,MSCI World,Equity,World,All sectors,0.20,Physical,True,1.9,1.8,1.7,USD,London (LSE),Ireland,True,False,2009,85000,1350,UK twin of IWDA; distributing,,,,,,,"Apple:5.48|NVIDIA Corp.:5.04|Microsoft Corp:3.56|Amazon.com, Inc.:2.55|Alphabet, Inc. A:2.18|Broadcom Inc.:1.95|Alphabet, Inc. C:1.73|Meta Platforms:1.33|Micron Technology:1.1|JPMorgan Chase & Co.:1.05",United States:69.07|Japan:5.67|United Kingdom:3.76|Canada:3.42|Other:18.08,Technology:34.88|Finance:18.47|Industrials:9.72|Healthcare:9.0|Other:27.93
IE00B4XPHL47,SXR8,SXR8.DE,iShares Core MSCI World UCITS ETF EUR Hedged (Acc),BlackRock Asset Management Ireland,MSCI World EUR Hedged,Equity,World,All sectors,0.48,Physical,False,0,0,0,EUR,Xetra,Ireland,True,False,2014,12000,1350,EUR-hedged World; capitalizing,,,,,,,"Apple:5.48|NVIDIA Corp.:5.04|Microsoft Corp:3.56|Amazon.com, Inc.:2.55|Alphabet, Inc. A:2.18|Broadcom Inc.:1.95|Alphabet, Inc. C:1.73|Meta Platforms:1.33|Micron Technology:1.1|JPMorgan Chase & Co.:1.05",United States:69.07|Japan:5.67|United Kingdom:3.76|Canada:3.42|Other:18.08,Technology:34.88|Finance:18.47|Industrials:9.72|Healthcare:9.0|Other:27.93
IE00B07Q4HR9,CB5F,CB5F.DE,iShares Core MSCI EM IMI UCITS ETF (Acc),BlackRock Asset Management Ireland,MSCI Emerging Markets IMI,Equity,Emerging Markets,All sectors,0.18,Physical,False,0,0,0,USD,Xetra,Ireland,True,False,2010,28000,3000,EM incl small caps; capitalizing,,,,,,,"Taiwan Semiconductor Manufacturing Co., Ltd.:14.8|Samsung Electronics Co., Ltd.:5.96|SK hynix, Inc.:4.5|Tencent Holdings Ltd.:3.28|Alibaba Group Holding Ltd.:2.11|MediaTek, Inc.:1.27|China Construction Bank Corp.:0.89|Delta Electronics, Inc.:0.81|HDFC Bank Ltd.:0.79|Hon Hai Precision Industry Co., Ltd.:0.76",Taiwan:25.74|China:20.34|South Korea:17.61|India:12.25|Other:24.06,Technology:41.4|Finance:22.61|Non-Energy Materials:6.68|Consumer Non-Cyclicals:6.34|Other:22.97
IE00B57FFF43,EMIM,EMIM.AS,iShares Core MSCI EM IMI UCITS ETF USD (Dist),BlackRock Asset Management Ireland,MSCI Emerging Markets IMI,Equity,Emerging Markets,All sectors,0.18,Physical,True,2.6,2.5,2.4,USD,Amsterdam (Euronext),Ireland,True,False,2010,11000,3000,Dist twin of EMIM; distributing,,,,,,,"Taiwan Semiconductor Manufacturing Co., Ltd.:14.8|Samsung Electronics Co., Ltd.:5.96|SK hynix, Inc.:4.5|Tencent Holdings Ltd.:3.28|Alibaba Group Holding Ltd.:2.11|MediaTek, Inc.:1.27|China Construction Bank Corp.:0.89|Delta Electronics, Inc.:0.81|HDFC Bank Ltd.:0.79|Hon Hai Precision Industry Co., Ltd.:0.76",Taiwan:25.74|China:20.34|South Korea:17.61|India:12.25|Other:24.06,Technology:41.4|Finance:22.61|Non-Energy Materials:6.68|Consumer Non-Cyclicals:6.34|Other:22.97
IE00BKNQRJ04,EQQQ,EQQQ.DE,iShares Nasdaq 100 UCITS ETF USD (Acc),BlackRock Asset Management Ireland,NASDAQ-100,Equity,United States,Technology-heavy,0.33,Physical,False,0,0,0,USD,Xetra,Ireland,True,False,2010,15000,100,Top-10 ~50%; capitalizing,,,,,,,"Apple:7.67|NVIDIA Corp.:7.4|Microsoft Corp:5.25|Amazon.com, Inc.:3.61|Alphabet, Inc. A:3.06|Broadcom Inc.:2.88|Alphabet, Inc. C:2.47|Meta Platforms:1.85|Micron Technology:1.54|JPMorgan Chase & Co.:1.47",United States:96.59|Ireland:1.17|Other:2.24,Technology:44.88|Finance:14.05|Healthcare:9.01|Consumer Non-Cyclicals:8.96|Other:23.1
IE00B53QG562,EUESE,EUESE.DE,iShares Core EURO STOXX 50 UCITS ETF EUR (Acc),BlackRock Asset Management Ireland,Euro Stoxx 50,Equity,Eurozone,All sectors,0.12,Physical,False,0,0,0,EUR,Xetra,Ireland,True,False,2010,12000,221,Eurozone large caps; capitalizing,iShares Core MSCI EMU UCITS ETF EUR (Acc),iShares,EUR,Currency unhedged,A0YEDX,,ASML Holding NV:8.31|Siemens AG:3.11|Banco Santander SA:2.61|Allianz SE:2.44|SAP SE:2.42|Schneider Electric SE:2.32|TotalEnergies SE:2.21|Banco Bilbao Vizcaya Argentaria SA:2.01|Iberdrola SA:1.9|Airbus SE:1.8,France:25.24|Germany:25.06|Netherlands:18.61|Spain:10.98|Other:20.11,Finance:27.67|Industrials:19.23|Technology:15.03|Consumer Cyclicals:7.35|Other:30.72
LU1829220219,CW8,CW8.PA,Amundi MSCI World UCITS ETF EUR,Amundi,MSCI World,Equity,World,All sectors,0.38,Physical,True,1.9,1.8,1.7,EUR,Euronext Paris,Luxembourg,True,True,2009,6300,1350,Most liquid PEA World; distributing,,,,,,,"Apple:5.48|NVIDIA Corp.:5.04|Microsoft Corp:3.56|Amazon.com, Inc.:2.55|Alphabet, Inc. A:2.18|Broadcom Inc.:1.95|Alphabet, Inc. C:1.73|Meta Platforms:1.33|Micron Technology:1.1|JPMorgan Chase & Co.:1.05",United States:69.07|Japan:5.67|United Kingdom:3.76|Canada:3.42|Other:18.08,Technology:34.88|Finance:18.47|Industrials:9.72|Healthcare:9.0|Other:27.93
LU1681043539,EWLD,EWLD.PA,Amundi PEA MSCI World UCITS ETF EUR,Amundi Index Solutions,MSCI World,Equity,World,All sectors,0.45,Physical,True,1.9,1.8,1.7,EUR,Euronext Paris,Luxembourg,True,True,2019,2500,1350,PEA World alternative; distributing,,,,,,,"Apple:5.48|NVIDIA Corp.:5.04|Microsoft Corp:3.56|Amazon.com, Inc.:2.55|Alphabet, Inc. A:2.18|Broadcom Inc.:1.95|Alphabet, Inc. C:1.73|Meta Platforms:1.33|Micron Technology:1.1|JPMorgan Chase & Co.:1.05",United States:69.07|Japan:5.67|United Kingdom:3.76|Canada:3.42|Other:18.08,Technology:34.88|Finance:18.47|Industrials:9.72|Healthcare:9.0|Other:27.93
LU1681045370,EMXX,EMXX.DE,Amundi MSCI Emerging Markets Swap UCITS ETF EUR Acc,Amundi Index Solutions,MSCI Emerging Markets,Equity,Emerging Markets,All sectors,0.2,Swap,False,0,0,0,EUR,Xetra,Luxembourg,True,False,2018,4500,1134,Low-cost EM; capitalizing,Amundi MSCI Emerging Markets Swap UCITS ETF EUR Acc,Amundi ETF,EUR,Currency unhedged,A2H58J,,"Taiwan Semiconductor Manufacturing Co., Ltd.:14.8|Samsung Electronics Co., Ltd.:5.96|SK hynix, Inc.:4.5|Tencent Holdings Ltd.:3.28|Alibaba Group Holding Ltd.:2.11|MediaTek, Inc.:1.27|China Construction Bank Corp.:0.89|Delta Electronics, Inc.:0.81|HDFC Bank Ltd.:0.79|Hon Hai Precision Industry Co., Ltd.:0.76",Taiwan:25.74|China:20.34|South Korea:17.61|India:12.25|Other:24.06,Technology:41.4|Finance:22.61|Non-Energy Materials:6.68|Consumer Non-Cyclicals:6.34|Other:22.97
FR0011550185,ESE,ESE.PA,BNP Paribas Easy S&P 500 UCITS ETF EUR C,BNP Paribas Easy,S&P 500,Equity,United States,All sectors,0.14,Physical,True,1.4,1.3,1.2,EUR,Euronext Paris,France,True,False,2015,12000,503,USER HOLDING (CTO); distributing,BNP Paribas Easy S&P 500 UCITS ETF EUR,BNP Paribas Easy,EUR,Currency unhedged,A1W4DP,,"Apple:7.67|NVIDIA Corp.:7.4|Microsoft Corp:5.25|Amazon.com, Inc.:3.61|Alphabet, Inc. A:3.06|Broadcom Inc.:2.88|Alphabet, Inc. C:2.47|Meta Platforms:1.85|Micron Technology:1.54|JPMorgan Chase & Co.:1.47",United States:96.59|Ireland:1.17|Other:2.24,Technology:44.88|Finance:14.05|Healthcare:9.01|Consumer Non-Cyclicals:8.96|Other:23.1
FR0013412281,P500,P500.PA,BNP Paribas Easy S&P 500 UCITS ETF EUR C (Acc),BNP Paribas Easy,S&P 500,Equity,United States,All sectors,0.15,Physical,False,0,0,0,EUR,Euronext Paris,France,True,True,2019,3000,505,Acc S&P 500 PEA; capitalizing,,,,,,,"Apple:7.67|NVIDIA Corp.:7.4|Microsoft Corp:5.25|Amazon.com, Inc.:3.61|Alphabet, Inc. A:3.06|Broadcom Inc.:2.88|Alphabet, Inc. C:2.47|Meta Platforms:1.85|Micron Technology:1.54|JPMorgan Chase & Co.:1.47",United States:96.59|Ireland:1.17|Other:2.24,Technology:44.88|Finance:14.05|Healthcare:9.01|Consumer Non-Cyclicals:8.96|Other:23.1
LU1548497554,500F,500F.PA,Amundi S&P 500 UCITS ETF EUR,Amundi,S&P 500,Equity,United States,All sectors,0.15,Physical,True,1.4,1.3,1.2,EUR,Euronext Paris,Luxembourg,True,True,2018,1500,505,Classic PEA S&P 500; distributing,,,,,,,"Apple:7.67|NVIDIA Corp.:7.4|Microsoft Corp:5.25|Amazon.com, Inc.:3.61|Alphabet, Inc. A:3.06|Broadcom Inc.:2.88|Alphabet, Inc. C:2.47|Meta Platforms:1.85|Micron Technology:1.54|JPMorgan Chase & Co.:1.47",United States:96.59|Ireland:1.17|Other:2.24,Technology:44.88|Finance:14.05|Healthcare:9.01|Consumer Non-Cyclicals:8.96|Other:23.1
LU0908500753,500P,500P.PA,Amundi S&P 500 UCITS ETF EUR Hedged,Amundi,S&P 500 EUR Hedged,Equity,United States,All sectors,0.07,Physical,True,1.4,1.3,1.2,EUR,Euronext Paris,Luxembourg,True,True,2018,1000,612,Hedged S&P 500 PEA; distributing,Amundi Core Stoxx Europe 600 UCITS ETF Acc,Amundi ETF,EUR,Currency unhedged,LYX0Q0,,ASML Holding NV:4.55|HSBC Holdings Plc:2.34|Roche Holding AG:2.01|Novartis AG:1.95|AstraZeneca PLC:1.72|Nestlé SA:1.67|Shell Plc:1.63|Siemens AG:1.5|Banco Santander SA:1.32|TotalEnergies SE:1.29,United Kingdom:21.85|Switzerland:14.84|France:13.97|Germany:12.8|Other:36.54,Finance:26.6|Industrials:16.82|Healthcare:12.01|Technology:9.52|Other:35.05
IE00BF1B7389,SEPA,SEPA.PA,iShares Core S&P 500 UCITS ETF EUR Hedged (Acc),BlackRock Asset Management Ireland,S&P 500 EUR Hedged,Equity,United States,All sectors,0.17,Physical,False,0,0,0,EUR,Euronext Paris,Ireland,True,True,2018,4000,2267,Acc hedged S&P 500 PEA; capitalizing,State Street SPDR MSCI All Country World UCITS ETF EUR Hedged (Acc),State Street,EUR,Currency hedged,A2JQU5,,"NVIDIA Corp.:4.61|Apple:4.5|Microsoft Corp:3.26|Amazon.com, Inc.:2.61|Alphabet, Inc. A:2.07|Taiwan Semiconductor Manufacturing Co., Ltd.:1.83|Broadcom Inc.:1.74|Alphabet, Inc. C:1.62|Meta Platforms:1.22|JPMorgan Chase & Co.:0.93",United States:61.73|Japan:5.1|United Kingdom:3.33|Taiwan:3.13|Other:26.71,Technology:36.33|Finance:18.96|Industrials:9.38|Consumer Non-Cyclicals:8.68|Other:26.65
IE00BMTX1Y45,SPYI,SPYI.DE,iShares S&P 500 Swap UCITS ETF EUR (Acc),BlackRock Asset Management Ireland,S&P 500,Equity,United States,All sectors,0.05,Swap,False,0,0,0,EUR,Xetra,Ireland,True,False,2019,1500,503,Very low TER swap S&P 500; capitalizing,iShares S&P 500 Swap UCITS ETF USD (Acc),iShares,USD,Currency unhedged,A2QAJB,,"Apple:7.67|NVIDIA Corp.:7.4|Microsoft Corp:5.25|Amazon.com, Inc.:3.61|Alphabet, Inc. A:3.06|Broadcom Inc.:2.88|Alphabet, Inc. C:2.47|Meta Platforms:1.85|Micron Technology:1.54|JPMorgan Chase & Co.:1.47",United States:96.59|Ireland:1.17|Other:2.24,Technology:44.88|Finance:14.05|Healthcare:9.01|Consumer Non-Cyclicals:8.96|Other:23.1
LU0496756574,CSPX,CSPX.L,iShares Core S&P 500 UCITS ETF USD (Acc),BlackRock Asset Management Ireland,S&P 500,Equity,United States,All sectors,0.07,Physical,False,0,0,0,USD,London (LSE),Ireland,True,False,2009,100000,505,US-domiciled clone is CSPX/IUSA sibling; capitalizing,,,,,,,"Apple:7.67|NVIDIA Corp.:7.4|Microsoft Corp:5.25|Amazon.com, Inc.:3.61|Alphabet, Inc. A:3.06|Broadcom Inc.:2.88|Alphabet, Inc. C:2.47|Meta Platforms:1.85|Micron Technology:1.54|JPMorgan Chase & Co.:1.47",United States:96.59|Ireland:1.17|Other:2.24,Technology:44.88|Finance:14.05|Healthcare:9.01|Consumer Non-Cyclicals:8.96|Other:23.1
IE00B5BMR097,VUSA,VUSA.L,Vanguard S&P 500 UCITS ETF USD Acc,Vanguard,S&P 500,Equity,United States,All sectors,0.07,Physical,False,0,0,0,USD,London (LSE),Ireland,True,False,2012,40000,505,Large low-cost S&P 500; capitalizing,,,,,,,"Apple:7.67|NVIDIA Corp.:7.4|Microsoft Corp:5.25|Amazon.com, Inc.:3.61|Alphabet, Inc. A:3.06|Broadcom Inc.:2.88|Alphabet, Inc. C:2.47|Meta Platforms:1.85|Micron Technology:1.54|JPMorgan Chase & Co.:1.47",United States:96.59|Ireland:1.17|Other:2.24,Technology:44.88|Finance:14.05|Healthcare:9.01|Consumer Non-Cyclicals:8.96|Other:23.1
IE00BYVQ9F29,SXRW,SXRW.DE,iShares NASDAQ-100 UCITS ETF EUR Hedged (Acc),BlackRock Asset Management Ireland,NASDAQ-100 EUR Hedged,Equity,United States,Technology-heavy,0.33,Physical,False,0,0,0,EUR,Xetra,Ireland,True,False,2013,2000,103,EUR-hedged Nasdaq; capitalizing,iShares Nasdaq 100 UCITS ETF EUR Hedged Acc,iShares,EUR,Currency hedged,A2N34W,,"Apple:8.16|NVIDIA Corp.:7.87|Microsoft Corp:5.58|Micron Technology:4.54|Amazon.com, Inc.:4.22|AMD:3.64|Alphabet, Inc. A:3.24|Broadcom Inc.:3.06|Alphabet, Inc. C:3.03|Meta Platforms:2.66",United States:93.48|United Kingdom:1.78|Netherlands:1.39|Other:3.35,Technology:67.8|Consumer Non-Cyclicals:12.01|Healthcare:3.81|Consumer Cyclicals:3.03|Other:13.35
IE00BLNMY929,SUSW,SUSW.DE,iShares MSCI World ESG UCITS ETF EUR (Acc),BlackRock Asset Management Ireland,MSCI World ESG Enhanced,Equity,World,All sectors (ESG),0.20,Physical,False,0,0,0,EUR,Xetra,Ireland,True,False,2018,3000,1350,ESG World; capitalizing,,,,,,,"Apple:5.48|NVIDIA Corp.:5.04|Microsoft Corp:3.56|Amazon.com, Inc.:2.55|Alphabet, Inc. A:2.18|Broadcom Inc.:1.95|Alphabet, Inc. C:1.73|Meta Platforms:1.33|Micron Technology:1.1|JPMorgan Chase & Co.:1.05",United States:69.07|Japan:5.67|United Kingdom:3.76|Canada:3.42|Other:18.08,Technology:34.88|Finance:18.47|Industrials:9.72|Healthcare:9.0|Other:27.93
LU1780869327,WTEF,WTEF.DE,Deka MSCI World ESG UCITS ETF,Union Investment / Deka,MSCI World ESG Leaders,Equity,World,All sectors (ESG),0.21,Physical,True,1.7,1.6,1.5,EUR,Xetra,Germany,True,False,2019,700,1350,ESG dist World,,,,,,,"Apple:5.48|NVIDIA Corp.:5.04|Microsoft Corp:3.56|Amazon.com, Inc.:2.55|Alphabet, Inc. A:2.18|Broadcom Inc.:1.95|Alphabet, Inc. C:1.73|Meta Platforms:1.33|Micron Technology:1.1|JPMorgan Chase & Co.:1.05",United States:69.07|Japan:5.67|United Kingdom:3.76|Canada:3.42|Other:18.08,Technology:34.88|Finance:18.47|Industrials:9.72|Healthcare:9.0|Other:27.93
IE00B8FHGS14,WTEG,WTEG.DE,Xtrackers MSCI World ESG UCITS ETF 1C,DWS / Xtrackers,MSCI World ESG Leaders,Equity,World,All sectors (ESG),0.3,Physical,False,0,0,0,EUR,Xetra,Luxembourg,True,False,2019,2500,287,ESG Acc World,iShares Edge MSCI World Minimum Volatility UCITS ETF USD (Acc),iShares,USD,Currency unhedged,A1J781,,"Johnson & Johnson:1.56|Cisco Systems, Inc.:1.43|Duke Energy:1.42|EXXONMOBIL HOLDINGS CORP.:1.4|The Southern Co.:1.36|Cencora, Inc.:1.26|Novartis AG:1.24|Microsoft Corp:1.24|Berkshire Hathaway, Inc.:1.23|Motorola Solutions:1.21",United States:62.22|Japan:11.05|Canada:4.36|Switzerland:4.31|Other:18.06,Technology:22.58|Healthcare:14.48|Finance:14.34|Consumer Non-Cyclicals:11.12|Other:37.48
FR0000433261,CAC,CAC.PA,Amundi CAC 40 UCITS ETF,Amundi,CAC 40,Equity,France,All sectors,0.25,Physical,True,3.4,3.5,3.3,EUR,Euronext Paris,France,True,True,2001,4500,40,Former Lyxor; distributing,,,,,,,Schneider Electric SE:8.22|TotalEnergies SE:7.84|Airbus SE:6.38|LVMH Moët Hennessy Louis Vuitton SE:6.2|Safran SA:6.19|Air Liquide SA:5.76|BNP Paribas SA:5.68|L&#039;Oréal SA:4.98|Sanofi:4.18|AXA SA:3.73,France:89.42|Netherlands:6.99|Luxembourg:1.75|Switzerland:1.52|Other:0.32,Industrials:29.23|Finance:15.54|Consumer Cyclicals:13.41|Non-Energy Materials:8.89|Other:32.93
FR0000989696,CAPU,CAPU.PA,Amundi CAC 40 UCITS ETF Acc,Amundi,CAC 40,Equity,France,All sectors,0.30,Physical,False,0,0,0,EUR,Euronext Paris,France,True,True,2018,900,40,Capitalizing CAC 40,,,,,,,Schneider Electric SE:8.22|TotalEnergies SE:7.84|Airbus SE:6.38|LVMH Moët Hennessy Louis Vuitton SE:6.2|Safran SA:6.19|Air Liquide SA:5.76|BNP Paribas SA:5.68|L&#039;Oréal SA:4.98|Sanofi:4.18|AXA SA:3.73,France:89.42|Netherlands:6.99|Luxembourg:1.75|Switzerland:1.52|Other:0.32,Industrials:29.23|Finance:15.54|Consumer Cyclicals:13.41|Non-Energy Materials:8.89|Other:32.93
FR0011869353,MVFR,MVFR.PA,Amundi PEA MSCI Emerging Markets UCITS ETF,Amundi,MSCI Emerging Markets,Equity,Emerging Markets,All sectors,0.45,Physical,True,2.0,1.8,1.6,EUR,Euronext Paris,France,True,True,2018,600,1400,PEA EM; distributing,Lyxor PEA Monde (MSCI World) UCITS ETF - Capi,Amundi ETF,EUR,Currency unhedged,LYX0SZ,,,,
FR0011869346,STOXP,STOXP.PA,Amundi Euro Stoxx 50 UCITS ETF PEA,Amundi,Euro Stoxx 50,Equity,Eurozone,All sectors,0.3,Physical,True,3.2,3.1,3.0,EUR,Euronext Paris,France,True,True,2013,800,50,PEA Eurozone core,Lyxor PEA Amerique (MSCI USA) UCITS ETF - Capi,Amundi ETF,EUR,Currency unhedged,LYX0SX,,,,
LU0274209266,EONX,EONX.DE,iShares Euro STOXX ex Banks UCITS ETF (DE),BlackRock Asset Management Ireland,Euro Stoxx ex Banks,Equity,Eurozone,Ex-financials,0.20,Physical,True,3.1,3.0,2.9,EUR,Xetra,Ireland,True,False,2007,700,250,Excludes banks,,,,,,,,,
LU0274208692,EXX5,EXX5.DE,iShares Core STOXX Europe 600 UCITS ETF (DE),BlackRock Asset Management Ireland,STOXX Europe 600,Equity,Europe,All sectors,0.45,Physical,True,3.2,3.3,3.1,EUR,Xetra,Ireland,True,False,2007,2000,1282,Broad Europe core,Xtrackers MSCI World Swap UCITS ETF 1C,Xtrackers,USD,Currency unhedged,DBX1MW,,"Apple:5.63|NVIDIA Corp.:5.13|Microsoft Corp:3.13|Amazon.com, Inc.:2.52|Alphabet, Inc. A:2.19|Broadcom Inc.:1.93|Alphabet, Inc. C:1.74|Meta Platforms:1.47|Eli Lilly & Co.:1.1|JPMorgan Chase & Co.:1.08",United States:69.5|Japan:5.52|United Kingdom:3.77|Canada:3.46|Other:17.75,Technology:34.52|Finance:18.69|Industrials:9.78|Healthcare:9.25|Other:27.76
IE00B1FZS350,MEUD,MEUD.PA,iShares MSCI Europe UCITS ETF EUR (Acc),BlackRock Asset Management Ireland,MSCI Europe,Equity,Europe,All sectors,0.59,Physical,False,0,0,0,EUR,Euronext Paris,Ireland,True,True,2007,3500,315,Acc Europe PEA-eligible,iShares Developed Markets Property Yield UCITS ETF,iShares,USD,Currency unhedged,A0LEW8,,"Prologis, Inc.:7.51|Equinix:5.69|Simon Property Group, Inc.:4.06|Digital Realty Trust, Inc.:3.86|Realty Income:3.32|Public Storage:2.93|Ventas, Inc.:2.46|Iron Mountain, Inc.:2.03|Extra Space Storage:1.71|VICI Properties:1.58",United States:65.9|Japan:7.1|United Kingdom:4.06|Australia:3.82|Other:19.12,Finance:99.19|Non-Corporate:0.23|Consumer Services:0.03|Other:0.55
LU1681048730,AEMA,AEMA.PA,Amundi PEA MSCI Europe UCITS ETF,Amundi Index Solutions,MSCI Europe,Equity,Europe,All sectors,0.35,Physical,True,3.0,3.0,2.9,EUR,Euronext Paris,Luxembourg,True,True,2019,400,430,PEA Europe core,,,,,,,"Apple:5.63|NVIDIA Corp.:5.13|Microsoft Corp:3.13|Amazon.com, Inc.:2.52|Alphabet, Inc. A:2.19|Broadcom Inc.:1.93|Alphabet, Inc. C:1.74|Meta Platforms:1.47|Eli Lilly & Co.:1.1|JPMorgan Chase & Co.:1.08",United States:69.5|Japan:5.52|United Kingdom:3.77|Canada:3.46|Other:17.75,Technology:34.52|Finance:18.69|Industrials:9.78|Healthcare:9.25|Other:27.76
FR0011550132,ESMK,ESMK.PA,BNP Paribas Easy MSCI Europe UCITS ETF EUR C,BNP Paribas Easy,MSCI Europe,Equity,Europe,All sectors,0.25,Physical,True,3.0,3.0,2.9,EUR,Euronext Paris,France,True,True,2015,700,430,PEA Europe,,,,,,,"Apple:5.63|NVIDIA Corp.:5.13|Microsoft Corp:3.13|Amazon.com, Inc.:2.52|Alphabet, Inc. A:2.19|Broadcom Inc.:1.93|Alphabet, Inc. C:1.74|Meta Platforms:1.47|Eli Lilly & Co.:1.1|JPMorgan Chase & Co.:1.08",United States:69.5|Japan:5.52|United Kingdom:3.77|Canada:3.46|Other:17.75,Technology:34.52|Finance:18.69|Industrials:9.78|Healthcare:9.25|Other:27.76
LU1048316981,EFTP,EFTP.PA,Amundi STOXX Europe 600 Technology UCITS ETF,Amundi,STOXX Europe 600 Technology,Equity,Europe,Technology,0.30,Physical,True,1.0,0.9,0.8,EUR,Euronext Paris,Luxembourg,True,False,2007,600,45,Europe Tech; distributing,,,,,,,ASML Holding NV:30.4|SAP SE:17.23|Infineon Technologies AG:11.57|Nokia Oyj:5.94|ASM International NV:5.5|Nebius Group:4.93|STMicroelectronics NV:4.29|LM Ericsson:3.34|Hexagon AB:2.68|Capgemini SE:2.32,Netherlands:42.92|Germany:29.29|Switzerland:6.2|Sweden:6.02|Other:15.57,Technology:96.9|Industrials:2.3|Other:0.8
IE0001J2HL89,WSML,WSML.DE,iShares MSCI World Small Cap UCITS ETF USD (Acc),BlackRock Asset Management Ireland,MSCI World Small Cap,Equity,World,Small caps,0.35,Physical,False,0,0,0,USD,Xetra,Ireland,True,False,2017,1500,3500,World small caps,,,,,,,,,
IE00B4XPHL47_ALT,SXRD,SXRD.DE,iShares Core MSCI EM IMI UCITS ETF EUR Hedged (Acc),BlackRock Asset Management Ireland,MSCI EM IMI EUR Hedged,Equity,Emerging Markets,All sectors,0.38,Physical,False,0,0,0,EUR,Xetra,Ireland,True,False,2011,1000,3000,Hedged EM IMI,,,,,,,"Taiwan Semiconductor Manufacturing Co., Ltd.:14.8|Samsung Electronics Co., Ltd.:5.96|SK hynix, Inc.:4.5|Tencent Holdings Ltd.:3.28|Alibaba Group Holding Ltd.:2.11|MediaTek, Inc.:1.27|China Construction Bank Corp.:0.89|Delta Electronics, Inc.:0.81|HDFC Bank Ltd.:0.79|Hon Hai Precision Industry Co., Ltd.:0.76",Taiwan:25.74|China:20.34|South Korea:17.61|India:12.25|Other:24.06,Technology:41.4|Finance:22.61|Non-Energy Materials:6.68|Consumer Non-Cyclicals:6.34|Other:22.97
IE00B8KGVU72,ISFV,ISFV.DE,iShares Edge MSCI World Minimum Volatility UCITS ETF EUR Hedged (Acc),BlackRock Asset Management Ireland,MSCI World Min Vol EUR Hedged,Equity,World,Low volatility,0.25,Optimised,False,0,0,0,EUR,Xetra,Ireland,True,False,2015,1500,250,Min-vol factor,,,,,,,"Johnson & Johnson:1.56|Cisco Systems, Inc.:1.43|Duke Energy:1.42|EXXONMOBIL HOLDINGS CORP.:1.4|The Southern Co.:1.36|Cencora, Inc.:1.26|Novartis AG:1.24|Microsoft Corp:1.24|Berkshire Hathaway, Inc.:1.23|Motorola Solutions:1.21",United States:62.22|Japan:11.05|Canada:4.36|Switzerland:4.31|Other:18.06,Technology:22.58|Healthcare:14.48|Finance:14.34|Consumer Non-Cyclicals:11.12|Other:37.48
IE00B8FHGS14_ALT,VUSE,VUSE.DE,Vanguard ESG Developed World All Cap UCITS ETF GBP Acc,Vanguard,FTSE Developed All Cap Choice,Equity,World,All sectors (ESG),0.3,Sampling,False,0,0,0,GBP,Xetra,Ireland,True,False,2021,3000,287,ESG all-cap dev world,iShares Edge MSCI World Minimum Volatility UCITS ETF USD (Acc),iShares,USD,Currency unhedged,A1J781,,"Johnson & Johnson:1.56|Cisco Systems, Inc.:1.43|Duke Energy:1.42|EXXONMOBIL HOLDINGS CORP.:1.4|The Southern Co.:1.36|Cencora, Inc.:1.26|Novartis AG:1.24|Microsoft Corp:1.24|Berkshire Hathaway, Inc.:1.23|Motorola Solutions:1.21",United States:62.22|Japan:11.05|Canada:4.36|Switzerland:4.31|Other:18.06,Technology:22.58|Healthcare:14.48|Finance:14.34|Consumer Non-Cyclicals:11.12|Other:37.48
IE00BHZKQN46,V3AB,V3AB.DE,Vanguard Global Aggregate Bond UCITS ETF EUR Hedged Acc,Vanguard,Bloomberg Global Aggregate EUR Hedged,Bond,World Bonds,Aggregate,0.10,Sampling,False,0,0,0,EUR,Xetra,Ireland,True,False,2019,2500,12000,Hedged global bonds,,,,,,,,,
IE00B3F81R35,AGGH,AGGH.DE,iShares Core Global Aggregate Bond UCITS ETF EUR Hedged (Acc),BlackRock Asset Management Ireland,Bloomberg Global Aggregate EUR Hedged,Bond,World Bonds,Aggregate,0.09,Physical,False,0,0,0,EUR,Xetra,Ireland,True,False,2019,4000,4149,Hedged global bonds,iShares Core EUR Corporate Bond UCITS ETF (Dist),iShares,EUR,Currency unhedged,A0RGEP,,"Anheuser-Busch InBev, 2% 17mar2028, EUR:0.1|Anheuser-Busch InBev, 2.75% 17mar2036, EUR:0.08|JP Morgan, 1.963% 23mar2030, EUR (6):0.08|UBS Group, 7.75% 1mar2029, EUR (9):0.08|Amazon.com, 3.7% 16mar2035, EUR:0.08|Verizon Communications, 3.9962% 15jun2056, EUR:0.08|Amazon.com, 3.35% 16mar2032, EUR:0.08|Amazon.com, 4.05% 16mar2039, EUR:0.08|Verizon Communications, 4.2462% 15aug2056, EUR:0.07|BP PLC, 3.625% perp., EUR:0.07",France:18.89|United States:18.37|Germany:12.54|United Kingdom:9.48|Other:40.72,Finance:46.2|Industrials:8.08|Utilities:7.85|Consumer Non-Cyclicals:7.63|Other:30.24
LU0378818131,IEAG,IEAG.DE,iShares Core EUR Corporate Bond UCITS ETF EUR (Dist),BlackRock Asset Management Ireland,Euro Corporate Bond,Bond,Eurozone,Corporate,0.25,Physical,True,2.8,2.9,2.8,EUR,Xetra,Ireland,True,False,2009,2000,1292,IG EUR corporate,Xtrackers II Global Government Bond UCITS ETF 1C EUR Hedged,Xtrackers,EUR,Currency hedged,DBX0A8,,"USA, Notes 4.375% 15may2034, USD (C-2034):0.41|USA, Notes 3.875% 15aug2034, USD (E-2034):0.4|USA, Notes 4% 15nov2035, USD (F-2035):0.39|USA, Notes 4.25% 15may2035, USD (C-2035):0.39|USA, Notes 4.625% 15feb2035, USD (B-2035):0.39|USA, Notes 4.25% 15nov2034, USD (F-2034):0.38|USA, Notes 4.125% 15feb2036, USD (B-2036):0.38|USA, Notes 4% 15feb2034, USD (B-2034):0.38|USA, Notes 4.25% 15aug2035, USD (E-2035):0.38|USA, Notes 4.5% 15nov2033, USD (F-2033):0.37",United States:48.03|Japan:9.42|France:7.41|Italy:6.84|Other:28.3,Sovereign:100
IE00B66F4759,IBCI,IBCI.DE,iShares Core EUR Govt Bond UCITS ETF EUR (Dist),BlackRock Asset Management Ireland,Euro Government Bond,Bond,Eurozone,Government,0.5,Physical,True,2.2,2.3,2.4,EUR,Xetra,Ireland,True,False,2009,3500,667,EUR govt bonds,iShares EUR High Yield Corporate Bond UCITS ETF EUR (Dist),iShares,EUR,Currency unhedged,A1C3NE,,"INSL CASH:1.46|CoreWeave, 8.5% 15jul2032, EUR:0.49|VMed O2 UK Financing I, 5.62% 15apr2032, EUR:0.45|Fibercop SPA, 5.375% 15apr2031, EUR:0.44|Teva Pharmaceutical Industries, 4.375% 9may2030, EUR:0.43|United Group B.V., FRN 31jan2033, EUR:0.41|Grifols, 3.875% 15oct2028, EUR:0.38|ZF Friedrichshafen, 7% 12jun2030, EUR (9):0.37|Organon Finance 1, 2.875% 30apr2028, EUR:0.36|CAB SELAS, 7.75% 9aug2031, EUR:0.35",France:19.48|Italy:15.89|United States:11.07|Germany:10.78|Other:42.78,Finance:14.97|Consumer Cyclicals:14.48|Telecommunication:12.56|Industrials:11.5|Other:46.49
LU0290355717,EXX5_ALT,EXX5.PA,Amundi Euro Government Bond UCITS ETF,Amundi,Euro Government Bond,Bond,Eurozone,Government,0.07,Sampling,True,2.1,2.2,2.3,EUR,Euronext Paris,Luxembourg,True,True,2009,900,560,EUR govt PEA-eligible,Xtrackers II Eurozone Government Bond UCITS ETF 1C,Xtrackers,EUR,Currency unhedged,DBX0AC,,"France, OAT 2.5% 25may2030, EUR:0.87|France, OAT 0.75% 25may2028, EUR:0.81|France, OAT 2.75% 25feb2029, EUR:0.79|France, OAT 1.5% 25may2031, EUR:0.78|OAT2.75%25OCT27:0.75|France, OAT 3.5% 25nov2033, EUR:0.74|France, OAT 2.75% 25feb2030, EUR:0.73|France, OAT 0.75% 25nov2028, EUR:0.72|France, OAT 3.5% 25nov2035, EUR:0.7|France, OAT 2% 25nov2032, EUR:0.69",France:23.86|Italy:21.99|Germany:19.07|Spain:14.05|Other:21.03,Sovereign:100|Municipal:0
IE00B3VWN631,EMBK,EMBK.DE,iShares J.P. Morgan USD EM Bond UCITS ETF EUR Hedged (Dist),BlackRock Asset Management Ireland,JPM EMBI Global EUR Hedged,Bond,Emerging Markets Bonds,Government,0.50,Sampling,True,5.2,5.5,5.4,EUR,Xetra,Ireland,True,False,2012,1500,700,EM debt hedged,,,,,,,,,
LU1829220219_ALT,CW8_ALT,CW8.DE,Amundi MSCI World UCITS ETF EUR Xetra line,Amundi,MSCI World,Equity,World,All sectors,0.38,Physical,True,1.9,1.8,1.7,EUR,Xetra,Luxembourg,True,False,2009,6300,1350,Xetra line of CW8,,,,,,,"Apple:5.48|NVIDIA Corp.:5.04|Microsoft Corp:3.56|Amazon.com, Inc.:2.55|Alphabet, Inc. A:2.18|Broadcom Inc.:1.95|Alphabet, Inc. C:1.73|Meta Platforms:1.33|Micron Technology:1.1|JPMorgan Chase & Co.:1.05",United States:69.07|Japan:5.67|United Kingdom:3.76|Canada:3.42|Other:18.08,Technology:34.88|Finance:18.47|Industrials:9.72|Healthcare:9.0|Other:27.93
IE00BYYHSM40,ERNS,ERNS.DE,iShares MSCI World Health Care Sector UCITS ETF USD (Acc),BlackRock Asset Management Ireland,MSCI World Health Care,Equity,World,Health Care,0.25,Physical,False,0,0,0,USD,Xetra,Ireland,True,False,2017,2500,300,World healthcare,,,,,,,,,
IE00B3XXRP09,SGAS,SGAS.DE,Xtrackers MSCI World Energy Sector UCITS ETF 1C,DWS / Xtrackers,MSCI World Energy,Equity,World,Energy,0.07,Physical,False,0,0,0,EUR,Xetra,Luxembourg,True,False,2009,1500,503,World energy,Vanguard S&P 500 UCITS ETF (USD) Distributing,Vanguard,USD,Currency unhedged,A1JX53,,"NVIDIA Corp.:7.54|Apple:7.04|Microsoft Corp:5.35|Amazon.com, Inc.:4.12|Alphabet, Inc. A:3.24|Broadcom Inc.:2.86|Alphabet, Inc. C:2.61|Meta Platforms:1.9|JPMorgan Chase & Co.:1.46|Berkshire Hathaway, Inc.:1.45",United States:96.35|Ireland:1.18|Other:2.47,Technology:44.67|Finance:13.84|Consumer Non-Cyclicals:9.4|Healthcare:8.87|Other:23.22
IE00B4WXRD7,SWFI,SWFI.DE,iShares MSCI World Financials Sector UCITS ETF USD (Dist),BlackRock Asset Management Ireland,MSCI World Financials,Equity,World,Financials,0.36,Physical,True,3.4,3.3,3.2,USD,Xetra,Ireland,True,False,2010,1000,300,World banks & insurance,,,,,,,,,
IE00B6R52259,IEUD,IEUD.DE,iShares MSCI World Consumer Staples Sector UCITS ETF USD (Acc),BlackRock Asset Management Ireland,MSCI World Consumer Staples,Equity,World,Consumer Staples,0.2,Physical,False,0,0,0,USD,Xetra,Ireland,True,False,2011,800,2331,Defensive staples,iShares MSCI All Country World UCITS ETF USD (Acc),iShares,USD,Currency unhedged,A1JMDF,,"Apple:4.85|NVIDIA Corp.:4.47|Microsoft Corp:3.16|Amazon.com, Inc.:2.26|Alphabet, Inc. A:1.93|Broadcom Inc.:1.73|Taiwan Semiconductor Manufacturing Co., Ltd.:1.66|Alphabet, Inc. C:1.53|Meta Platforms:1.17|Micron Technology:0.98",United States:61.35|Japan:5.02|United Kingdom:3.31|Canada:3.04|Other:27.28,Technology:35.57|Finance:18.94|Industrials:9.24|Consumer Non-Cyclicals:8.39|Other:27.86
IE00BQT6868,IUIT,IUIT.DE,iShares MSCI World Industrials Sector UCITS ETF USD (Acc),BlackRock Asset Management Ireland,MSCI World Industrials,Equity,World,Industrials,0.36,Physical,False,0,0,0,USD,Xetra,Ireland,True,False,2015,600,300,World industrials,,,,,,,,,
IE00BK1PV551,GISA,GISA.DE,Xtrackers MSCI Global Metals & Mining UCITS ETF 1C,DWS / Xtrackers,MSCI Global Metals & Mining,Equity,World,Materials,0.12,Physical,False,0,0,0,EUR,Xetra,Luxembourg,True,False,2019,300,1454,Thematic metals,Xtrackers MSCI World UCITS ETF 1D,Xtrackers,USD,Currency unhedged,A1XEY2,,"Apple:5.63|NVIDIA Corp.:5.13|Microsoft Corp:3.13|Amazon.com, Inc.:2.52|Alphabet, Inc. A:2.19|Broadcom Inc.:1.93|Alphabet, Inc. C:1.74|Meta Platforms:1.47|Eli Lilly & Co.:1.1|JPMorgan Chase & Co.:1.08",United States:69.5|Japan:5.52|United Kingdom:3.77|Canada:3.46|Other:17.75,Technology:34.52|Finance:18.69|Industrials:9.78|Healthcare:9.25|Other:27.76
IE00BZ02LR4,WCRD,WCRD.DE,Invesco Global Clean Energy UCITS ETF Acc,Invesco,WilderHill New Energy Global,Equity,World,Clean energy,0.60,Sampling,False,0,0,0,USD,Xetra,Ireland,True,False,2013,1500,300,Clean energy thematic,,,,,,,,,
IE00BMBL8D33,FAN,SAVE.L,iShares Global Clean Energy UCITS ETF USD,BlackRock Asset Management Ireland,ICE Clean Energy,Equity,World,Clean energy,0.61,Physical,False,0,0,0,USD,London (LSE),Ireland,True,False,2009,1500,300,Clean energy,,,,,,,,,
IE00BJ0KDQ92,SPMV,SPMV.DE,Invesco S&P 500 Minimum Variance UCITS ETF,Invesco,S&P 500 Min Variance,Equity,United States,Low volatility,0.12,Optimised,False,0,0,0,USD,Xetra,Ireland,True,False,2013,1000,1454,Min-vol S&P,Xtrackers MSCI World UCITS ETF 1C,Xtrackers,USD,Currency unhedged,A1XB5U,,"Apple:5.63|NVIDIA Corp.:5.13|Microsoft Corp:3.13|Amazon.com, Inc.:2.52|Alphabet, Inc. A:2.19|Broadcom Inc.:1.93|Alphabet, Inc. C:1.74|Meta Platforms:1.47|Eli Lilly & Co.:1.1|JPMorgan Chase & Co.:1.08",United States:69.5|Japan:5.52|United Kingdom:3.77|Canada:3.46|Other:17.75,Technology:34.52|Finance:18.69|Industrials:9.78|Healthcare:9.25|Other:27.76
IE00BD1FL249,SPLG,SPLG.DE,Invesco S&P 500 UCITS ETF Acc,Invesco,S&P 500,Equity,United States,All sectors,0.05,Physical,False,0,0,0,USD,Xetra,Ireland,True,False,2019,8000,505,Low-cost S&P 500,,,,,,,"Apple:7.67|NVIDIA Corp.:7.4|Microsoft Corp:5.25|Amazon.com, Inc.:3.61|Alphabet, Inc. A:3.06|Broadcom Inc.:2.88|Alphabet, Inc. C:2.47|Meta Platforms:1.85|Micron Technology:1.54|JPMorgan Chase & Co.:1.47",United States:96.59|Ireland:1.17|Other:2.24,Technology:44.88|Finance:14.05|Healthcare:9.01|Consumer Non-Cyclicals:8.96|Other:23.1
IE00BDBCHM09,IQQQH,IQQQ.DE,Invesco EQQQ Nasdaq-100 UCITS ETF,Invesco,NASDAQ-100,Equity,United States,Technology-heavy,0.30,Physical,False,0,0,0,USD,Xetra,Ireland,True,False,2004,4000,100,Nasdaq alternative,,,,,,,"Apple:7.67|NVIDIA Corp.:7.4|Microsoft Corp:5.25|Amazon.com, Inc.:3.61|Alphabet, Inc. A:3.06|Broadcom Inc.:2.88|Alphabet, Inc. C:2.47|Meta Platforms:1.85|Micron Technology:1.54|JPMorgan Chase & Co.:1.47",United States:96.59|Ireland:1.17|Other:2.24,Technology:44.88|Finance:14.05|Healthcare:9.01|Consumer Non-Cyclicals:8.96|Other:23.1
IE00BF1B7389_ALT,USAC,USAC.DE,Amundi MSCI USA UCITS ETF USD,Amundi,MSCI USA,Equity,United States,All sectors,0.17,Physical,True,1.4,1.3,1.2,USD,Xetra,Luxembourg,True,False,2009,1200,2267,Broad US,State Street SPDR MSCI All Country World UCITS ETF EUR Hedged (Acc),State Street,EUR,Currency hedged,A2JQU5,,"NVIDIA Corp.:4.61|Apple:4.5|Microsoft Corp:3.26|Amazon.com, Inc.:2.61|Alphabet, Inc. A:2.07|Taiwan Semiconductor Manufacturing Co., Ltd.:1.83|Broadcom Inc.:1.74|Alphabet, Inc. C:1.62|Meta Platforms:1.22|JPMorgan Chase & Co.:0.93",United States:61.73|Japan:5.1|United Kingdom:3.33|Taiwan:3.13|Other:26.71,Technology:36.33|Finance:18.96|Industrials:9.38|Consumer Non-Cyclicals:8.68|Other:26.65
IE0003XJA0J9,WLDL,WLDL.DE,Deka MSCI World UCITS ETF,Union Investment / Deka,MSCI World,Equity,World,All sectors,0.07,Physical,True,1.9,1.8,1.7,EUR,Xetra,Germany,True,False,2019,800,3432,German issuer World,Amundi Prime All Country World UCITS ETF Acc,Amundi ETF,USD,Currency unhedged,ETF151,,"NVIDIA Corp.:4.87|Apple:4.59|Microsoft Corp:2.79|Amazon.com, Inc.:2.24|Alphabet, Inc. A:1.84|Broadcom Inc.:1.82|Taiwan Semiconductor Manufacturing Co., Ltd.:1.78|Alphabet, Inc. C:1.61|Meta Platforms:1.32|Micron Technology:1.11",United States:59.82|Japan:5.72|Taiwan:3.37|United Kingdom:3.26|Other:27.83,Technology:36.85|Finance:18.54|Industrials:9.22|Consumer Non-Cyclicals:8.29|Other:27.1
LU0378438737,L0NE,L0NE.DE,Lyxor Core MSCI World (DR) UCITS ETF Acc,Amundi,MSCI World,Equity,World,All sectors,0.12,Physical,False,0,0,0,USD,Xetra,Luxembourg,True,False,2018,3000,1350,Amundi low-cost core World,,,,,,,"Apple:5.48|NVIDIA Corp.:5.04|Microsoft Corp:3.56|Amazon.com, Inc.:2.55|Alphabet, Inc. A:2.18|Broadcom Inc.:1.95|Alphabet, Inc. C:1.73|Meta Platforms:1.33|Micron Technology:1.1|JPMorgan Chase & Co.:1.05",United States:69.07|Japan:5.67|United Kingdom:3.76|Canada:3.42|Other:18.08,Technology:34.88|Finance:18.47|Industrials:9.72|Healthcare:9.0|Other:27.93
LU1681046406,FLXI,FLXI.DE,Amundi Prime All Country World UCITS ETF Acc,Amundi,SolAC World,Equity,World,All sectors,0.07,Optimised,False,0,0,0,USD,Xetra,Luxembourg,True,False,2020,1500,1800,Cheapest World tracker,,,,,,,"Apple:5.48|NVIDIA Corp.:5.04|Microsoft Corp:3.56|Amazon.com, Inc.:2.55|Alphabet, Inc. A:2.18|Broadcom Inc.:1.95|Alphabet, Inc. C:1.73|Meta Platforms:1.33|Micron Technology:1.1|JPMorgan Chase & Co.:1.05",United States:69.07|Japan:5.67|United Kingdom:3.76|Canada:3.42|Other:18.08,Technology:34.88|Finance:18.47|Industrials:9.72|Healthcare:9.0|Other:27.93
IE0000XZSCA5,MIUS,MIUS.DE,Deka MSCI USA UCITS ETF,Union Investment / Deka,MSCI USA,Equity,United States,All sectors,0.30,Physical,True,1.4,1.3,1.2,EUR,Xetra,Germany,True,False,2019,300,600,German US tracker,,,,,,,,,
LU1959425692,WSML_ALT,WORLD.PA,BNP Paribas Easy MSCI World UCITS ETF EUR C,BNP Paribas Easy,MSCI World,Equity,World,All sectors,0.25,Physical,False,0,0,0,EUR,Euronext Paris,France,True,True,2020,1000,1350,PEA World BNPP,,,,,,,"Apple:5.48|NVIDIA Corp.:5.04|Microsoft Corp:3.56|Amazon.com, Inc.:2.55|Alphabet, Inc. A:2.18|Broadcom Inc.:1.95|Alphabet, Inc. C:1.73|Meta Platforms:1.33|Micron Technology:1.1|JPMorgan Chase & Co.:1.05",United States:69.07|Japan:5.67|United Kingdom:3.76|Canada:3.42|Other:18.08,Technology:34.88|Finance:18.47|Industrials:9.72|Healthcare:9.0|Other:27.93
LU1780875286,SOVB,SOVB.DE,Lyxor Core Euro Government Bond UCITS ETF DR,Amundi,Euro Government Bond,Bond,Eurozone,Government,0.09,Physical,True,2.2,2.3,2.4,EUR,Xetra,Luxembourg,True,False,2015,2500,1000,Cheap EUR govt bonds,,,,,,,,,
IE00BDBK9454,EMBD,EMBD.DE,Xtrackers II EUR High Yield Corporate Bond UCITS ETF 1D,DWS / Xtrackers,EUR High Yield,Bond,Eurozone,High yield,0.25,Sampling,True,5.5,6.0,6.2,EUR,Xetra,Luxembourg,True,False,2015,600,400,HY EUR bonds,,,,,,,,,
IE00B1FZS796,S500,S500.DE,iShares S&P 500 Swap UCITS ETF EUR (Dist),BlackRock Asset Management Ireland,S&P 500,Equity,United States,All sectors,0.05,Swap,True,1.4,1.3,1.2,EUR,Xetra,Ireland,True,False,2019,900,505,Low-cost swap dist S&P,,,,,,,"Apple:7.67|NVIDIA Corp.:7.4|Microsoft Corp:5.25|Amazon.com, Inc.:3.61|Alphabet, Inc. A:3.06|Broadcom Inc.:2.88|Alphabet, Inc. C:2.47|Meta Platforms:1.85|Micron Technology:1.54|JPMorgan Chase & Co.:1.47",United States:96.59|Ireland:1.17|Other:2.24,Technology:44.88|Finance:14.05|Healthcare:9.01|Consumer Non-Cyclicals:8.96|Other:23.1
FR0010315245,MASD,MASD.PA,Amundi MS CI World SRI PEA UCITS ETF,Amundi,MSCI World SRI,Equity,World,All sectors (SRI),0.45,Physical,True,1.8,1.7,1.6,EUR,Euronext Paris,France,True,True,2010,1500,400,SRI PEA World,,,,,,,"NVIDIA Corp.:7.56|ASML Holding NV:3.94|Visa, Inc.:2.8|Tesla:2.71|Verizon Communications:2.57|Applied Materials, Inc.:2.44|Lam Research:2.28|The Walt Disney Co.:2.27|Palo Alto Networks:1.62|The Coca-Cola Co.:1.56",United States:62.08|Japan:7.82|Netherlands:5.9|Switzerland:4.21|Other:19.99,Technology:32.2|Finance:18.55|Industrials:10.32|Healthcare:9.07|Other:29.86
FR0011327634,WSRI,WSRI.PA,BNP Paribas Easy MSCI World SRI PEA UCITS ETF,BNP Paribas Easy,MSCI World SRI,Equity,World,All sectors (SRI),0.40,Physical,True,1.8,1.7,1.6,EUR,Euronext Paris,France,True,True,2020,800,400,SRI PEA World BNPP,,,,,,,"NVIDIA Corp.:7.56|ASML Holding NV:3.94|Visa, Inc.:2.8|Tesla:2.71|Verizon Communications:2.57|Applied Materials, Inc.:2.44|Lam Research:2.28|The Walt Disney Co.:2.27|Palo Alto Networks:1.62|The Coca-Cola Co.:1.56",United States:62.08|Japan:7.82|Netherlands:5.9|Switzerland:4.21|Other:19.99,Technology:32.2|Finance:18.55|Industrials:10.32|Healthcare:9.07|Other:29.86
IE00BYX2JD69,AGGH_ALT,AGGG.DE,iShares Core Global Aggregate Bond UCITS ETF USD (Acc),BlackRock Asset Management Ireland,Bloomberg Global Aggregate,Bond,World Bonds,Aggregate,0.2,Physical,False,0,0,0,USD,Xetra,Ireland,True,False,2019,4000,372,Unhedged global bonds,iShares MSCI World SRI UCITS ETF EUR (Acc),iShares,EUR,Currency unhedged,A2DVB9,,"NVIDIA Corp.:7.56|ASML Holding NV:3.94|Visa, Inc.:2.8|Tesla:2.71|Verizon Communications:2.57|Applied Materials, Inc.:2.44|Lam Research:2.28|The Walt Disney Co.:2.27|Palo Alto Networks:1.62|The Coca-Cola Co.:1.56",United States:62.08|Japan:7.82|Netherlands:5.9|Switzerland:4.21|Other:19.99,Technology:32.2|Finance:18.55|Industrials:10.32|Healthcare:9.07|Other:29.86
LU1681047767,SPOP,SPOP.PA,Amundi PEA S&P 500 UCITS ETF,Amundi,S&P 500,Equity,United States,All sectors,0.20,Physical,True,1.4,1.3,1.2,EUR,Euronext Paris,Luxembourg,True,True,2022,300,505,New PEA S&P 500,,,,,,,"Apple:7.67|NVIDIA Corp.:7.4|Microsoft Corp:5.25|Amazon.com, Inc.:3.61|Alphabet, Inc. A:3.06|Broadcom Inc.:2.88|Alphabet, Inc. C:2.47|Meta Platforms:1.85|Micron Technology:1.54|JPMorgan Chase & Co.:1.47",United States:96.59|Ireland:1.17|Other:2.24,Technology:44.88|Finance:14.05|Healthcare:9.01|Consumer Non-Cyclicals:8.96|Other:23.1
IE00B1JK2B05,EQME,EQME.DE,iShares MSCI EM UCITS ETF USD (Dist),BlackRock Asset Management Ireland,MSCI Emerging Markets,Equity,Emerging Markets,All sectors,0.18,Physical,True,2.7,2.6,2.5,USD,Xetra,Ireland,True,False,2005,4500,1400,Standard EM,,,,,,,"Taiwan Semiconductor Manufacturing Co., Ltd.:14.8|Samsung Electronics Co., Ltd.:5.96|SK hynix, Inc.:4.5|Tencent Holdings Ltd.:3.28|Alibaba Group Holding Ltd.:2.11|MediaTek, Inc.:1.27|China Construction Bank Corp.:0.89|Delta Electronics, Inc.:0.81|HDFC Bank Ltd.:0.79|Hon Hai Precision Industry Co., Ltd.:0.76",Taiwan:25.74|China:20.34|South Korea:17.61|India:12.25|Other:24.06,Technology:41.4|Finance:22.61|Non-Energy Materials:6.68|Consumer Non-Cyclicals:6.34|Other:22.97
IE00BS4ST839,EMGF,EMGF.DE,iShares Core MSCI EM IMI UCITS ETF (Dist),BlackRock Asset Management Ireland,MSCI EM IMI,Equity,Emerging Markets,All sectors,0.18,Physical,True,2.6,2.5,2.4,USD,London (LSE),Ireland,True,False,2018,2000,3000,LSE EM IMI,,,,,,,"Taiwan Semiconductor Manufacturing Co., Ltd.:14.8|Samsung Electronics Co., Ltd.:5.96|SK hynix, Inc.:4.5|Tencent Holdings Ltd.:3.28|Alibaba Group Holding Ltd.:2.11|MediaTek, Inc.:1.27|China Construction Bank Corp.:0.89|Delta Electronics, Inc.:0.81|HDFC Bank Ltd.:0.79|Hon Hai Precision Industry Co., Ltd.:0.76",Taiwan:25.74|China:20.34|South Korea:17.61|India:12.25|Other:24.06,Technology:41.4|Finance:22.61|Non-Energy Materials:6.68|Consumer Non-Cyclicals:6.34|Other:22.97
IE00BK5B7309,IEFA,IEFA.DE,iShares Core MSCI EM IMI Swap UCITS ETF EUR (Acc),BlackRock Asset Management Ireland,MSCI EM IMI,Equity,Emerging Markets,All sectors,0.18,Swap,False,0,0,0,EUR,Xetra,Ireland,True,False,2019,900,3000,Swap EM EUR,,,,,,,"Taiwan Semiconductor Manufacturing Co., Ltd.:14.8|Samsung Electronics Co., Ltd.:5.96|SK hynix, Inc.:4.5|Tencent Holdings Ltd.:3.28|Alibaba Group Holding Ltd.:2.11|MediaTek, Inc.:1.27|China Construction Bank Corp.:0.89|Delta Electronics, Inc.:0.81|HDFC Bank Ltd.:0.79|Hon Hai Precision Industry Co., Ltd.:0.76",Taiwan:25.74|China:20.34|South Korea:17.61|India:12.25|Other:24.06,Technology:41.4|Finance:22.61|Non-Energy Materials:6.68|Consumer Non-Cyclicals:6.34|Other:22.97
LU1796026391,EMKT,EMKT.DE,Xtrackers MSCI EM UCITS ETF 1D,DWS / Xtrackers,MSCI Emerging Markets,Equity,Emerging Markets,All sectors,0.18,Physical,True,2.7,2.6,2.5,USD,Xetra,Luxembourg,True,False,2019,800,1400,Xtrackers EM,,,,,,,"Taiwan Semiconductor Manufacturing Co., Ltd.:14.8|Samsung Electronics Co., Ltd.:5.96|SK hynix, Inc.:4.5|Tencent Holdings Ltd.:3.28|Alibaba Group Holding Ltd.:2.11|MediaTek, Inc.:1.27|China Construction Bank Corp.:0.89|Delta Electronics, Inc.:0.81|HDFC Bank Ltd.:0.79|Hon Hai Precision Industry Co., Ltd.:0.76",Taiwan:25.74|China:20.34|South Korea:17.61|India:12.25|Other:24.06,Technology:41.4|Finance:22.61|Non-Energy Materials:6.68|Consumer Non-Cyclicals:6.34|Other:22.97
LU0321464945,EMSP,EMSP.DE,Xtrackers MSCI EM UCITS ETF 1C EUR Hedged,DWS / Xtrackers,MSCI EM EUR Hedged,Equity,Emerging Markets,All sectors,0.50,Physical,False,0,0,0,EUR,Xetra,Luxembourg,True,False,2015,500,1400,Hedged EM,,,,,,,"Taiwan Semiconductor Manufacturing Co., Ltd.:14.8|Samsung Electronics Co., Ltd.:5.96|SK hynix, Inc.:4.5|Tencent Holdings Ltd.:3.28|Alibaba Group Holding Ltd.:2.11|MediaTek, Inc.:1.27|China Construction Bank Corp.:0.89|Delta Electronics, Inc.:0.81|HDFC Bank Ltd.:0.79|Hon Hai Precision Industry Co., Ltd.:0.76",Taiwan:25.74|China:20.34|South Korea:17.61|India:12.25|Other:24.06,Technology:41.4|Finance:22.61|Non-Energy Materials:6.68|Consumer Non-Cyclicals:6.34|Other:22.97
IE00B9CQXS71,SWRD,SWRD.L,iShares Core MSCI World UCITS ETF GBP (Acc),BlackRock Asset Management Ireland,MSCI World,Equity,World,All sectors,0.45,Physical,False,0,0,0,GBP,London (LSE),Ireland,True,False,2020,12000,92,GBP Acc World,State Street SPDR S&P Global Dividend Aristocrats UCITS ETF USD,State Street,USD,Currency unhedged,A1T8GD,,Highwoods Properties:2.1|Getty Realty:1.81|Verizon Communications:1.79|John Wiley & Sons:1.7|Edison International:1.57|LTC Properties:1.56|Teleperformance SE:1.49|Northwest Bancshares:1.49|ONEOK:1.49|Pfizer Inc.:1.48,United States:53.09|Canada:9.71|United Kingdom:5.68|Hong Kong:4.58|Other:26.94,Finance:38.19|Utilities:14.49|Consumer Non-Cyclicals:9.58|Energy:8.99|Other:28.75
IE00BF4STY01,4YDA,4YDA.DE,Vanguard FTSE Developed World UCITS ETF GBP Acc,Vanguard,FTSE Developed World,Equity,World (developed),All sectors,0.12,Sampling,False,0,0,0,GBP,London (LSE),Ireland,True,False,2019,8000,2000,Dev world Acc,,,,,,,"NVIDIA Corp.:4.44|Apple:4.23|Microsoft Corp:3.27|Amazon.com, Inc.:2.5|Alphabet, Inc. A:1.99|Taiwan Semiconductor Manufacturing Co., Ltd.:1.73|Broadcom Inc.:1.72|Alphabet, Inc. C:1.58|Meta Platforms:1.16|JPMorgan Chase & Co.:0.89",United States:58.85|Japan:5.92|United Kingdom:3.33|Taiwan:3.15|Other:28.75,Technology:35.46|Finance:18.82|Industrials:9.27|Consumer Non-Cyclicals:8.54|Other:27.91
IE00BHZPJG89,VAPX,VAPX.DE,Vanguard FTSE Developed Asia Pacific UCITS ETF USD Acc,Vanguard,FTSE Dev Asia Pacific,Equity,Asia-Pacific,All sectors,0.17,Sampling,False,0,0,0,USD,Xetra,Ireland,True,False,2009,1500,800,Asia-Pacific dev,,,,,,,,,
IE00B52Q1896,VERX,VERX.DE,Vanguard FTSE Europe UCITS ETF USD Dist,Vanguard,FTSE Europe,Equity,Europe,All sectors,0.09,Sampling,True,3.3,3.2,3.1,USD,Xetra,Ireland,True,False,2009,2500,500,Cheap Europe,,,,,,,"Apple:5.63|NVIDIA Corp.:5.13|Microsoft Corp:3.13|Amazon.com, Inc.:2.52|Alphabet, Inc. A:2.19|Broadcom Inc.:1.93|Alphabet, Inc. C:1.74|Meta Platforms:1.47|Eli Lilly & Co.:1.1|JPMorgan Chase & Co.:1.08",United States:69.5|Japan:5.52|United Kingdom:3.77|Canada:3.46|Other:17.75,Technology:34.52|Finance:18.69|Industrials:9.78|Healthcare:9.25|Other:27.76
IE00B4BNXVG9,VGK,VGK.DE,Vanguard FTSE Europe UCITS ETF USD Acc,Vanguard,FTSE Europe,Equity,Europe,All sectors,0.09,Sampling,False,0,0,0,USD,Xetra,Ireland,True,False,2005,2000,500,Acc version,,,,,,,"Apple:5.63|NVIDIA Corp.:5.13|Microsoft Corp:3.13|Amazon.com, Inc.:2.52|Alphabet, Inc. A:2.19|Broadcom Inc.:1.93|Alphabet, Inc. C:1.74|Meta Platforms:1.47|Eli Lilly & Co.:1.1|JPMorgan Chase & Co.:1.08",United States:69.5|Japan:5.52|United Kingdom:3.77|Canada:3.46|Other:17.75,Technology:34.52|Finance:18.69|Industrials:9.78|Healthcare:9.25|Other:27.76
IE00B4L5YC18,VGOV,VGOV.DE,Vanguard FTSE 100 UCITS ETF GBP,Vanguard,FTSE 100,Equity,United Kingdom,All sectors,0.18,Physical,True,3.8,3.7,3.6,GBP,Xetra,Ireland,True,False,2009,1500,1179,UK large caps,iShares MSCI EM UCITS ETF (Acc),iShares,USD,Currency unhedged,A0RPWJ,,"Taiwan Semiconductor Manufacturing Co., Ltd.:14.81|Samsung Electronics Co., Ltd.:5.95|SK hynix, Inc.:4.49|Tencent Holdings Ltd.:3.27|Alibaba Group Holding Ltd.:2.11|MediaTek, Inc.:1.29|China Construction Bank Corp.:0.89|Delta Electronics, Inc.:0.81|HDFC Bank Ltd.:0.79|Hon Hai Precision Industry Co., Ltd.:0.76",Taiwan:25.74|China:20.41|South Korea:17.59|India:12.25|Other:24.01,Technology:41.43|Finance:22.64|Non-Energy Materials:6.73|Consumer Non-Cyclicals:6.33|Other:22.87
IE00B8GKDB10,UKMK,UKMK.DE,iShares Core FTSE 100 UCITS ETF GBP,BlackRock Asset Management Ireland,FTSE 100,Equity,United Kingdom,All sectors,0.29,Physical,True,3.8,3.7,3.6,GBP,Xetra,Ireland,True,False,2007,5000,2349,Large FTSE 100,Vanguard FTSE All-World High Dividend Yield UCITS ETF Distributing,Vanguard,USD,Currency unhedged,A1T8FV,,"JPMorgan Chase & Co.:2.15|EXXONMOBIL HOLDINGS CORP.:1.48|Johnson & Johnson:1.41|Cisco Systems, Inc.:1.05|AbbVie, Inc.:1.02|Bank of America Corp.:0.94|UnitedHealth Group Inc:0.86|Chevron Corp.:0.84|HSBC Holdings Plc:0.83|The Coca-Cola Co.:0.78",United States:36.78|Japan:9.27|United Kingdom:6.58|Switzerland:4.62|Other:42.75,Finance:30.75|Healthcare:10.81|Industrials:9.67|Consumer Non-Cyclicals:9.27|Other:39.5
IE00B02KXH56,CSPA1,CSPL.DE,iShares Core MSCI Japan UCITS ETF USD (Acc),BlackRock Asset Management Ireland,MSCI Japan,Equity,Japan,All sectors,0.12,Physical,False,0,0,0,USD,Xetra,Ireland,True,False,2006,12000,168,Japan core; currency risk JPY,iShares MSCI Japan UCITS ETF (Dist),iShares,USD,Currency unhedged,A0DK60,,"Mitsubishi UFJ Financial Group, Inc.:4.68|Toyota Motor Corp.:3.69|Sumitomo Mitsui Financial Group, Inc.:3.02|Tokyo Electron Ltd.:2.91|Hitachi Ltd.:2.89|Sony Group Corp.:2.77|Advantest Corp.:2.54|Mizuho Financial Group, Inc.:2.3|SoftBank Group Corp.:2.14|Recruit Holdings Co., Ltd.:2.13",Japan:99.73|Other:0.27,Technology:22.37|Finance:21.57|Industrials:19.1|Consumer Cyclicals:10.22|Other:26.74
IE00BXP19N97,SJPA,SJPA.DE,iShares Core MSCI Japan UCITS ETF EUR Hedged (Acc),BlackRock Asset Management Ireland,MSCI Japan EUR Hedged,Equity,Japan,All sectors,0.59,Physical,False,0,0,0,EUR,Xetra,Ireland,True,False,2014,800,250,Hedged Japan,,,,,,,"Mitsubishi UFJ Financial Group, Inc.:4.68|Toyota Motor Corp.:3.69|Sumitomo Mitsui Financial Group, Inc.:3.02|Tokyo Electron Ltd.:2.91|Hitachi Ltd.:2.89|Sony Group Corp.:2.77|Advantest Corp.:2.54|Mizuho Financial Group, Inc.:2.3|SoftBank Group Corp.:2.14|Recruit Holdings Co., Ltd.:2.13",Japan:99.73|Other:0.27,Technology:22.37|Finance:21.57|Industrials:19.1|Consumer Cyclicals:10.22|Other:26.74
IE00B2PKPKB8,FLXI_ALT,DBXP.DB,Xtrackers MSCI Japan UCITS ETF 1C,DWS / Xtrackers,MSCI Japan,Equity,Japan,All sectors,0.12,Physical,False,0,0,0,USD,Xetra,Luxembourg,True,False,2008,2500,250,Xtrackers Japan,,,,,,,"Mitsubishi UFJ Financial Group, Inc.:4.68|Toyota Motor Corp.:3.69|Sumitomo Mitsui Financial Group, Inc.:3.02|Tokyo Electron Ltd.:2.91|Hitachi Ltd.:2.89|Sony Group Corp.:2.77|Advantest Corp.:2.54|Mizuho Financial Group, Inc.:2.3|SoftBank Group Corp.:2.14|Recruit Holdings Co., Ltd.:2.13",Japan:99.73|Other:0.27,Technology:22.37|Finance:21.57|Industrials:19.1|Consumer Cyclicals:10.22|Other:26.74
LU0378809263,CHDX,CHDX.DE,Lyxor MSCI Switzerland UCITS ETF,Amundi,MSCI Switzerland,Equity,Switzerland,All sectors,0.30,Physical,True,3.4,3.3,3.3,EUR,Xetra,Luxembourg,True,False,2007,1500,40,Switzerland (Nestle Roche Novartis),,,,,,,,,
LU0839508288,CHDF,CHDF.PA,iShares MSCI Switzerland UCITS ETF USD,BlackRock Asset Management Ireland,MSCI Switzerland,Equity,Switzerland,All sectors,0.33,Physical,True,3.4,3.3,3.3,USD,Euronext Paris,Ireland,True,False,2011,900,40,Switzerland alt,,,,,,,,,
IE00BF9M7X46,IUUS,IUUS.DE,Xtrackers MSCI USA UCITS ETF 1D,DWS / Xtrackers,MSCI USA,Equity,United States,All sectors,0.15,Physical,True,1.4,1.3,1.2,USD,Xetra,Luxembourg,True,False,2020,500,600,Xtrackers US,,,,,,,,,
IE00B57F7409,CNDX,CNDX.DE,iShares NASDAQ 100 UCITS ETF EUR (Dist),BlackRock Asset Management Ireland,NASDAQ-100,Equity,United States,Technology-heavy,0.33,Physical,True,0.7,0.6,0.5,EUR,Xetra,Ireland,True,False,2010,1000,100,EUR-dist Nasdaq,,,,,,,"Apple:7.67|NVIDIA Corp.:7.4|Microsoft Corp:5.25|Amazon.com, Inc.:3.61|Alphabet, Inc. A:3.06|Broadcom Inc.:2.88|Alphabet, Inc. C:2.47|Meta Platforms:1.85|Micron Technology:1.54|JPMorgan Chase & Co.:1.47",United States:96.59|Ireland:1.17|Other:2.24,Technology:44.88|Finance:14.05|Healthcare:9.01|Consumer Non-Cyclicals:8.96|Other:23.1
IE00BD0NC955,USMK,USMK.DE,Xtrackers MSCI USA High Dividend Yield UCITS ETF 1D,DWS / Xtrackers,MSCI USA High Dividend Yield,Equity,United States,High dividend,0.38,Physical,True,3.3,3.2,3.1,USD,Xetra,Luxembourg,True,False,2014,600,135,US dividend,,,,,,,,,
IE00BZ11SS84,VVAL,VVAL.DE,Vanguard FTSE All-World High Dividend Yield UCITS ETF GBP Dist,Vanguard,FTSE All-World High Div Yield,Equity,World,High dividend,0.31,Sampling,True,3.1,3.0,2.9,USD,Xetra,Ireland,True,False,2013,1500,1800,World dividend,,,,,,,"JPMorgan Chase & Co.:2.15|EXXONMOBIL HOLDINGS CORP.:1.48|Johnson & Johnson:1.41|Cisco Systems, Inc.:1.05|AbbVie, Inc.:1.02|Bank of America Corp.:0.94|UnitedHealth Group Inc:0.86|Chevron Corp.:0.84|HSBC Holdings Plc:0.83|The Coca-Cola Co.:0.78",United States:36.78|Japan:9.27|United Kingdom:6.58|Switzerland:4.62|Other:42.75,Finance:30.75|Healthcare:10.81|Industrials:9.67|Consumer Non-Cyclicals:9.27|Other:39.5
IE00BYYHSM15,IHYG,IHYG.DE,iShares USD High Yield Corporate Bond UCITS ETF EUR Hedged (Dist),BlackRock Asset Management Ireland,USD HY EUR Hedged,Bond,US Bonds,High yield,0.55,Sampling,True,6.2,6.5,6.6,EUR,Xetra,Ireland,True,False,2012,1200,1500,Hedged US HY,,,,,,,,,
IE00B1TYH709,SYBG,SYBG.DE,iShares EUR Ultrashort Bond UCITS ETF EUR Acc,BlackRock Asset Management Ireland,EUR Ultrashort,Bond,Eurozone,Ultrashort,0.09,Physical,False,0,0,0,EUR,Xetra,Ireland,True,False,2015,2000,300,Cash-like EUR parking,,,,,,,,,
FR0010510800,MONE,MONE.PA,Amundi EUR Overnight Return UCITS ETF,Amundi,EONIA/€STR,Bond,Eurozone,Money market,0.1,Swap,True,2.0,2.1,2.0,EUR,Euronext Paris,France,True,True,2010,1500,1,Monetary ETF (€STR),Amundi EUR Overnight Return UCITS ETF Acc,Amundi ETF,EUR,Currency unhedged,LYX0B6,,,,
LU1234567890,MONXL,MONX.DE,Invesco EUR Overnight Return UCITS ETF Acc,Invesco,€STR,Bond,Eurozone,Money market,0.06,Swap,False,0,0,0,EUR,Xetra,Ireland,True,False,2017,900,1,EONIA/€STR Acc,,,,,,,,,
IE00BDH5CN55,SHY,SHYP.L,SPDR Bloomberg 1-10 Year EUR Corporate Bond UCITS ETF,SPDR,Bloomberg EUR Corp 1-10Y,Bond,Eurozone,Corporate,0.15,Sampling,True,2.9,3.0,3.0,EUR,Xetra,Ireland,True,False,2005,800,1000,SPDR EUR corp,,,,,,,,,
IE00B3DKXQ44,GLTL,GLTL.DE,Invesco Global Treasury Bond UCITS ETF EUR Hedged Acc,Invesco,Global Treasury EUR Hedged,Bond,World Bonds,Government,0.15,Sampling,False,0,0,0,EUR,Xetra,Ireland,True,False,2011,600,1500,Hedged govt,,,,,,,,,
IE00BF1B7305,GOVB,GOVB.DE,iShares Global Government Bond UCITS ETF EUR Hedged (Dist),BlackRock Asset Management Ireland,Global Govt EUR Hedged,Bond,World Bonds,Government,0.25,Sampling,True,2.5,2.7,2.9,EUR,Xetra,Ireland,True,False,2017,500,7000,Hedged global govt,,,,,,,,,
FR0010514777,FEURO,FEURO.PA,BNP Paribas Easy Euro Stoxx 50 UCITS ETF EUR C,BNP Paribas Easy,Euro Stoxx 50,Equity,Eurozone,All sectors,0.25,Physical,True,3.2,3.1,3.0,EUR,Euronext Paris,France,True,True,2014,900,50,PEA Euro Stoxx,,,,,,,ASML Holding NV:8.31|Siemens AG:3.11|Banco Santander SA:2.61|Allianz SE:2.44|SAP SE:2.42|Schneider Electric SE:2.32|TotalEnergies SE:2.21|Banco Bilbao Vizcaya Argentaria SA:2.01|Iberdrola SA:1.9|Airbus SE:1.8,France:25.24|Germany:25.06|Netherlands:18.61|Spain:10.98|Other:20.11,Finance:27.67|Industrials:19.23|Technology:15.03|Consumer Cyclicals:7.35|Other:30.72
FR0010405508,MSTC,MSTC.PA,BNP Paribas Easy Stoxx Europe 600 UCITS ETF EUR C,BNP Paribas Easy,STOXX Europe 600,Equity,Europe,All sectors,0.25,Physical,True,3.2,3.3,3.1,EUR,Euronext Paris,France,True,True,2015,1200,600,PEA Europe 600,,,,,,,ASML Holding NV:4.55|HSBC Holdings Plc:2.34|Roche Holding AG:2.01|Novartis AG:1.95|AstraZeneca PLC:1.72|Nestlé SA:1.67|Shell Plc:1.63|Siemens AG:1.5|Banco Santander SA:1.32|TotalEnergies SE:1.29,United Kingdom:21.85|Switzerland:14.84|France:13.97|Germany:12.8|Other:36.54,Finance:26.6|Industrials:16.82|Healthcare:12.01|Technology:9.52|Other:35.05
FR0010755747,EWLD_ALT,MSE.PA,BNP Paribas Easy MSCI Emerging Markets UCITS ETF,BNP Paribas Easy,MSCI Emerging Markets,Equity,Emerging Markets,All sectors,0.25,Physical,True,2.0,1.8,1.6,EUR,Euronext Paris,France,True,True,2018,400,1400,PEA EM BNPP,,,,,,,"Taiwan Semiconductor Manufacturing Co., Ltd.:14.8|Samsung Electronics Co., Ltd.:5.96|SK hynix, Inc.:4.5|Tencent Holdings Ltd.:3.28|Alibaba Group Holding Ltd.:2.11|MediaTek, Inc.:1.27|China Construction Bank Corp.:0.89|Delta Electronics, Inc.:0.81|HDFC Bank Ltd.:0.79|Hon Hai Precision Industry Co., Ltd.:0.76",Taiwan:25.74|China:20.34|South Korea:17.61|India:12.25|Other:24.06,Technology:41.4|Finance:22.61|Non-Energy Materials:6.68|Consumer Non-Cyclicals:6.34|Other:22.97
FR0011869339,EFECO,EFECO.PA,Amundi PEA Stoxx Europe 600 Health Care UCITS ETF,Amundi,STOXX Europe 600 Health Care,Equity,Europe,Health Care,0.30,Physical,True,2.1,2.0,1.9,EUR,Euronext Paris,France,True,True,2018,150,80,PEA health,,,,,,,ASML Holding NV:4.55|HSBC Holdings Plc:2.34|Roche Holding AG:2.01|Novartis AG:1.95|AstraZeneca PLC:1.72|Nestlé SA:1.67|Shell Plc:1.63|Siemens AG:1.5|Banco Santander SA:1.32|TotalEnergies SE:1.29,United Kingdom:21.85|Switzerland:14.84|France:13.97|Germany:12.8|Other:36.54,Finance:26.6|Industrials:16.82|Healthcare:12.01|Technology:9.52|Other:35.05
FR0011552268,ESGE,ESGE.PA,BNP Paribas Easy STOXX Europe 600 ESG-X UCITS ETF EUR C,BNP Paribas Easy,STOXX Europe 600 ESG-X,Equity,Europe,All sectors (ESG),0.20,Physical,True,3.1,3.0,2.9,EUR,Euronext Paris,France,True,True,2018,600,550,ESG PEA Europe,,,,,,,ASML Holding NV:4.55|HSBC Holdings Plc:2.34|Roche Holding AG:2.01|Novartis AG:1.95|AstraZeneca PLC:1.72|Nestlé SA:1.67|Shell Plc:1.63|Siemens AG:1.5|Banco Santander SA:1.32|TotalEnergies SE:1.29,United Kingdom:21.85|Switzerland:14.84|France:13.97|Germany:12.8|Other:36.54,Finance:26.6|Industrials:16.82|Healthcare:12.01|Technology:9.52|Other:35.05
IE00BZ6R6W37,SCHA,SCHA.DE,Vanguard FTSE All-World UCITS ETF GBP Dist,Vanguard,FTSE All-World,Equity,World,All sectors,0.22,Sampling,True,1.9,1.8,1.8,GBP,London (LSE),Ireland,True,False,2019,40000,3700,GBP dist line of VWRL family,,,,,,,"NVIDIA Corp.:4.44|Apple:4.23|Microsoft Corp:3.27|Amazon.com, Inc.:2.5|Alphabet, Inc. A:1.99|Taiwan Semiconductor Manufacturing Co., Ltd.:1.73|Broadcom Inc.:1.72|Alphabet, Inc. C:1.58|Meta Platforms:1.16|JPMorgan Chase & Co.:0.89",United States:58.85|Japan:5.92|United Kingdom:3.33|Taiwan:3.15|Other:28.75,Technology:35.46|Finance:18.82|Industrials:9.27|Consumer Non-Cyclicals:8.54|Other:27.91
IE00BL25JN82,VVLU,VVLU.DE,Invesco FTSE All-World UCITS ETF Acc,Invesco,FTSE All-World,Equity,World,All sectors,0.25,Sampling,False,0,0,0,USD,Xetra,Ireland,True,False,2020,1000,3700,Invesco all-world,,,,,,,"NVIDIA Corp.:4.44|Apple:4.23|Microsoft Corp:3.27|Amazon.com, Inc.:2.5|Alphabet, Inc. A:1.99|Taiwan Semiconductor Manufacturing Co., Ltd.:1.73|Broadcom Inc.:1.72|Alphabet, Inc. C:1.58|Meta Platforms:1.16|JPMorgan Chase & Co.:0.89",United States:58.85|Japan:5.92|United Kingdom:3.33|Taiwan:3.15|Other:28.75,Technology:35.46|Finance:18.82|Industrials:9.27|Consumer Non-Cyclicals:8.54|Other:27.91
IE00BK1B7406,SUSL,SUSL.DE,JPMorgan Global Research Enhanced Index Equity ESG UCITS ETF,J.P. Morgan Asset Management,JPM Global ESG,Equity,World,All sectors (ESG),0.18,Optimised,True,1.7,1.6,1.5,USD,Xetra,Ireland,True,False,2018,1200,1300,JPM ESG world,,,,,,,,,
IE00BJ5DYNY1,SQWD,SQWD.DE,Sparinvest MSCI World UCITS ETF (Dist),Sparinvest,MSCI World,Equity,World,All sectors,0.20,Physical,True,1.9,1.8,1.7,EUR,Xetra,Denmark,True,False,2012,400,1350,Nordic dist World,,,,,,,"Apple:5.48|NVIDIA Corp.:5.04|Microsoft Corp:3.56|Amazon.com, Inc.:2.55|Alphabet, Inc. A:2.18|Broadcom Inc.:1.95|Alphabet, Inc. C:1.73|Meta Platforms:1.33|Micron Technology:1.1|JPMorgan Chase & Co.:1.05",United States:69.07|Japan:5.67|United Kingdom:3.76|Canada:3.42|Other:18.08,Technology:34.88|Finance:18.47|Industrials:9.72|Healthcare:9.0|Other:27.93
IE00BDTXQT9,SNPW,SNPW.DE,L&G Clean Water UCITS ETF,Legal & General,Clean Water,Equity,World,Water,0.35,Physical,False,0,0,0,USD,Xetra,Ireland,True,False,2020,600,100,Water thematic,,,,,,,,,
IE00BLD80H98,DIVA,DIVA.DE,L&G Clean Water UCITS ETF EUR Hedged,Legal & General,Clean Water EUR Hedged,Equity,World,Water,0.50,Physical,False,0,0,0,EUR,Xetra,Ireland,True,False,2020,300,100,Hedged water,,,,,,,,,
IE00BJ5JNZ46,AIRX,AIRX.DE,L&G Clean Water & Air UCITS ETF,Legal & General,Clean Water & Air,Equity,World,Water/Clean air,0.45,Physical,False,0,0,0,USD,Xetra,Ireland,True,False,2019,200,120,Water & air,,,,,,,,,
IE00BFX8X914,AINT,AINT.DE,L&G Artificial Intelligence UCITS ETF,Legal & General,AI & Big Data,Equity,World,AI / Technology,0.49,Sampling,False,0,0,0,USD,Xetra,Ireland,True,False,2018,1200,150,AI thematic,,,,,,,,,
IE00BYX2JD9_ALT,AIUN,AIUN.DE,L&G Artificial Intelligence UCITS ETF EUR Hedged,Legal & General,AI & Big Data EUR Hedged,Equity,World,AI / Technology,0.60,Sampling,False,0,0,0,EUR,Xetra,Ireland,True,False,2019,500,150,Hedged AI,,,,,,,,,
IE00BKWQ0Q84,NUCL,NUCL.DE,VanEck Uranium and Nuclear Technologies UCITS ETF A,VanEck,Uranium & Nuclear,Equity,World,Nuclear,0.55,Sampling,False,0,0,0,USD,Xetra,Ireland,True,False,2019,1200,50,Nuclear thematic,,,,,,,,,
IE00BLD80S64,DRIV,DRIV.DE,L&G Battery Value-Chain UCITS ETF,Legal & General,Battery Value-Chain,Equity,World,Batteries,0.49,Sampling,False,0,0,0,USD,Xetra,Ireland,True,False,2018,900,150,Battery thematic,,,,,,,,,
IE00BLNPYQ95,RENE,RENE.DE,L&G Renewable Energy UCITS ETF EUR Hedged,Legal & General,Renewable Energy EUR Hedged,Equity,World,Renewables,0.55,Sampling,False,0,0,0,EUR,Xetra,Ireland,True,False,2019,500,110,Hedged renewables,,,,,,,,,
IE00BYVG9J40,BATT,BATT.DE,L&G Battery Value-Chain UCITS ETF EUR Hedged,Legal & General,Battery Value-Chain EUR Hedged,Equity,World,Batteries,0.60,Sampling,False,0,0,0,EUR,Xetra,Ireland,True,False,2019,400,150,Hedged battery,,,,,,,,,
IE00BLRMRXY7,SMLP,SMLP.DE,iShares MSCI World Small Cap UCITS ETF EUR Hedged (Acc),BlackRock Asset Management Ireland,MSCI World Small Cap EUR Hedged,Equity,World,Small caps,0.58,Physical,False,0,0,0,EUR,Xetra,Ireland,True,False,2016,300,3500,Hedged small caps,,,,,,,,,
IE00BK955960,IHCK,IHCK.DE,iShares MSCI World Consumer Discretionary Sector UCITS ETF USD (Acc),BlackRock Asset Management Ireland,MSCI World Cons Discretionary,Equity,World,Consumer Discretionary,0.36,Physical,False,0,0,0,USD,Xetra,Ireland,True,False,2016,700,300,Cons discretionary,,,,,,,,,
IE00BJ5JNY27,IPDM,IPDM.DE,iShares MSCI World Consumer Discretionary UCITS ETF EUR Hedged,BlackRock Asset Management Ireland,MSCI World Cons Disc EUR Hedged,Equity,World,Consumer Discretionary,0.49,Physical,False,0,0,0,EUR,Xetra,Ireland,True,False,2015,300,300,Hedged cons disc,,,,,,,,,
IE00B6R52377,IUHV,IUHV.DE,iShares MSCI World Value Sector UCITS ETF,BlackRock Asset Management Ireland,MSCI World Enhanced Value,Equity,World,Value factor,0.25,Physical,True,2.7,2.6,2.5,USD,Xetra,Ireland,True,False,2016,800,400,Value factor,,,,,,,,,
IE00BQT6868_ALT,QDV5,QDV5.DE,iShares MSCI World Quality Factor UCITS ETF,BlackRock Asset Management Ireland,MSCI World Sector Neutral Quality,Equity,World,Quality factor,0.25,Optimised,True,1.6,1.5,1.4,USD,Xetra,Ireland,True,False,2016,700,400,Quality factor,,,,,,,,,
IE00BKM4GY85,IS3S,IS3S.DE,iShares MSCI World Momentum Factor UCITS ETF,BlackRock Asset Management Ireland,MSCI World Momentum,Equity,World,Momentum factor,0.30,Optimised,True,1.5,1.4,1.3,USD,Xetra,Ireland,True,False,2016,600,400,Momentum factor,,,,,,,,,
IE00BLD80M64,MVOL_ALT,MVOW.DE,iShares Edge MSCI World Minimum Volatility UCITS ETF USD (Acc),BlackRock Asset Management Ireland,MSCI World Min Vol,Equity,World,Low volatility,0.20,Optimised,False,0,0,0,USD,Xetra,Ireland,True,False,2014,2000,250,USD min-vol,,,,,,,"Johnson & Johnson:1.56|Cisco Systems, Inc.:1.43|Duke Energy:1.42|EXXONMOBIL HOLDINGS CORP.:1.4|The Southern Co.:1.36|Cencora, Inc.:1.26|Novartis AG:1.24|Microsoft Corp:1.24|Berkshire Hathaway, Inc.:1.23|Motorola Solutions:1.21",United States:62.22|Japan:11.05|Canada:4.36|Switzerland:4.31|Other:18.06,Technology:22.58|Healthcare:14.48|Finance:14.34|Consumer Non-Cyclicals:11.12|Other:37.48
IE00BS4ST947,SUSL_ALT,SUSL.AS,iShares MSCI World ESG Enhanced UCITS ETF EUR (Acc),BlackRock Asset Management Ireland,MSCI World ESG Enhanced,Equity,World,All sectors (ESG),0.20,Optimised,False,0,0,0,EUR,Amsterdam (Euronext),Ireland,True,False,2018,2000,1350,AMS ESG line,,,,,,,"Apple:5.48|NVIDIA Corp.:5.04|Microsoft Corp:3.56|Amazon.com, Inc.:2.55|Alphabet, Inc. A:2.18|Broadcom Inc.:1.95|Alphabet, Inc. C:1.73|Meta Platforms:1.33|Micron Technology:1.1|JPMorgan Chase & Co.:1.05",United States:69.07|Japan:5.67|United Kingdom:3.76|Canada:3.42|Other:18.08,Technology:34.88|Finance:18.47|Industrials:9.72|Healthcare:9.0|Other:27.93
IE00B9457124,ECH,ECH.DE,Xtrackers MSCI Europe UCITS ETF 1D,DWS / Xtrackers,MSCI Europe,Equity,Europe,All sectors,0.25,Physical,True,3.0,3.0,2.9,USD,Xetra,Luxembourg,True,False,2014,1000,430,Xtrackers Europe,,,,,,,"Apple:5.63|NVIDIA Corp.:5.13|Microsoft Corp:3.13|Amazon.com, Inc.:2.52|Alphabet, Inc. A:2.19|Broadcom Inc.:1.93|Alphabet, Inc. C:1.74|Meta Platforms:1.47|Eli Lilly & Co.:1.1|JPMorgan Chase & Co.:1.08",United States:69.5|Japan:5.52|United Kingdom:3.77|Canada:3.46|Other:17.75,Technology:34.52|Finance:18.69|Industrials:9.78|Healthcare:9.25|Other:27.76
IE00BD3QJ670,VFEU,VFEU.DE,Xtrackers MSCI Europe UCITS ETF 1C,DWS / Xtrackers,MSCI Europe,Equity,Europe,All sectors,0.15,Physical,False,0,0,0,USD,Xetra,Luxembourg,True,False,2019,800,430,Acc Europe,,,,,,,"Apple:5.63|NVIDIA Corp.:5.13|Microsoft Corp:3.13|Amazon.com, Inc.:2.52|Alphabet, Inc. A:2.19|Broadcom Inc.:1.93|Alphabet, Inc. C:1.74|Meta Platforms:1.47|Eli Lilly & Co.:1.1|JPMorgan Chase & Co.:1.08",United States:69.5|Japan:5.52|United Kingdom:3.77|Canada:3.46|Other:17.75,Technology:34.52|Finance:18.69|Industrials:9.78|Healthcare:9.25|Other:27.76
LU1234086849,PRIME,PRIME.PA,Amundi Prime Europe UCITS ETF Acc,Amundi,SolEurope,Equity,Europe,All sectors,0.07,Optimised,False,0,0,0,EUR,Xetra,Luxembourg,True,False,2020,700,600,Cheapest Europe tracker,,,,,,,"Apple:5.63|NVIDIA Corp.:5.13|Microsoft Corp:3.13|Amazon.com, Inc.:2.52|Alphabet, Inc. A:2.19|Broadcom Inc.:1.93|Alphabet, Inc. C:1.74|Meta Platforms:1.47|Eli Lilly & Co.:1.1|JPMorgan Chase & Co.:1.08",United States:69.5|Japan:5.52|United Kingdom:3.77|Canada:3.46|Other:17.75,Technology:34.52|Finance:18.69|Industrials:9.78|Healthcare:9.25|Other:27.76
LU2072236587,WC04,WC04.DE,Xtrackers MSCI Europe Value UCITS ETF 1D,DWS / Xtrackers,MSCI Europe Value,Equity,Europe,Value factor,0.25,Physical,True,3.5,3.4,3.3,USD,Xetra,Luxembourg,True,False,2020,300,400,Europe value,,,,,,,"Apple:5.63|NVIDIA Corp.:5.13|Microsoft Corp:3.13|Amazon.com, Inc.:2.52|Alphabet, Inc. A:2.19|Broadcom Inc.:1.93|Alphabet, Inc. C:1.74|Meta Platforms:1.47|Eli Lilly & Co.:1.1|JPMorgan Chase & Co.:1.08",United States:69.5|Japan:5.52|United Kingdom:3.77|Canada:3.46|Other:17.75,Technology:34.52|Finance:18.69|Industrials:9.78|Healthcare:9.25|Other:27.76
LU2072236999,WC05,WC05.DE,Xtrackers MSCI Europe Momentum UCITS ETF 1D,DWS / Xtrackers,MSCI Europe Momentum,Equity,Europe,Momentum factor,0.30,Physical,True,2.0,1.9,1.8,USD,Xetra,Luxembourg,True,False,2020,200,400,Europe momentum,,,,,,,"Apple:5.63|NVIDIA Corp.:5.13|Microsoft Corp:3.13|Amazon.com, Inc.:2.52|Alphabet, Inc. A:2.19|Broadcom Inc.:1.93|Alphabet, Inc. C:1.74|Meta Platforms:1.47|Eli Lilly & Co.:1.1|JPMorgan Chase & Co.:1.08",United States:69.5|Japan:5.52|United Kingdom:3.77|Canada:3.46|Other:17.75,Technology:34.52|Finance:18.69|Industrials:9.78|Healthcare:9.25|Other:27.76
FR0013264005,PALG,PALG.PA,Amundi Prime All Country UCITS ETF,Amundi,SolAC World,Equity,World,All sectors,0.08,Optimised,True,1.8,1.7,1.6,EUR,Euronext Paris,France,True,True,2022,300,1800,PEA all-country Amundi,,,,,,,"Apple:5.48|NVIDIA Corp.:5.04|Microsoft Corp:3.56|Amazon.com, Inc.:2.55|Alphabet, Inc. A:2.18|Broadcom Inc.:1.95|Alphabet, Inc. C:1.73|Meta Platforms:1.33|Micron Technology:1.1|JPMorgan Chase & Co.:1.05",United States:69.07|Japan:5.67|United Kingdom:3.76|Canada:3.42|Other:18.08,Technology:34.88|Finance:18.47|Industrials:9.72|Healthcare:9.0|Other:27.93
FR0011550185_ALT,PUS500,PUS500.PA,Amundi Prime USA UCITS ETF PEA,Amundi,SolUSA,Equity,United States,All sectors,0.14,Optimised,True,1.3,1.2,1.1,EUR,Euronext Paris,France,True,True,2022,200,503,Cheap PEA US proxy,BNP Paribas Easy S&P 500 UCITS ETF EUR,BNP Paribas Easy,EUR,Currency unhedged,A1W4DP,,"Apple:7.67|NVIDIA Corp.:7.4|Microsoft Corp:5.25|Amazon.com, Inc.:3.61|Alphabet, Inc. A:3.06|Broadcom Inc.:2.88|Alphabet, Inc. C:2.47|Meta Platforms:1.85|Micron Technology:1.54|JPMorgan Chase & Co.:1.47",United States:96.59|Ireland:1.17|Other:2.24,Technology:44.88|Finance:14.05|Healthcare:9.01|Consumer Non-Cyclicals:8.96|Other:23.1
